swap_station_serial_id,state,previous_state,state_change_timestamp,event_type,location_latitude,location_longitude,city,last_updated_at
bs0030,Amber,Green,2026-04-20 05:45:01,STATE_CHANGE,-1.32456511,36.79599158,Kenya,2026-04-20 05:45:01
bs0030,Green,Amber,2026-04-20 05:46:02,STATE_CHANGE,-1.32456511,36.79599158,Kenya,2026-04-20 05:46:02
bs0008,Grey,Green,2026-04-20 06:14:01,STATE_CHANGE,-1.264197845,36.80534064,Kenya,2026-04-20 06:14:01
bs0008,Green,Grey,2026-04-20 06:22:01,STATE_CHANGE,-1.264197845,36.80534064,Kenya,2026-04-20 06:22:01
bs0061,Grey,Green,2026-04-20 07:29:01,STATE_CHANGE,-1.3087667,36.860551,Kenya,2026-04-20 07:29:01
bs0061,Green,Grey,2026-04-20 07:30:01,STATE_CHANGE,-1.3087667,36.860551,Kenya,2026-04-20 07:30:01
bs0020,Green,Grey,2026-04-20 08:10:01,STATE_CHANGE,-1.1078375,37.0139219,Kenya,2026-04-20 08:10:01
bs0041,Amber,Green,2026-04-20 08:22:01,STATE_CHANGE,-1.277534452,36.79393909,Kenya,2026-04-20 08:22:01
bs0041,Green,Amber,2026-04-20 08:23:01,STATE_CHANGE,-1.277534452,36.79393909,Kenya,2026-04-20 08:23:01
bs0054,Amber,Green,2026-04-20 08:25:01,STATE_CHANGE,-1.400266,36.9439122,Kenya,2026-04-20 08:25:01
bs0054,Green,Amber,2026-04-20 08:26:01,STATE_CHANGE,-1.400266,36.9439122,Kenya,2026-04-20 08:26:01
bs0041,Red,Green,2026-04-20 09:13:01,STATE_CHANGE,-1.277534452,36.79393909,Kenya,2026-04-20 09:13:01
bs0027,Red,Green,2026-04-20 09:13:01,STATE_CHANGE,-1.2642052,36.80537588,Kenya,2026-04-20 09:13:01
bs0043,Red,Green,2026-04-20 09:13:01,STATE_CHANGE,-1.24311724,36.88041377,Kenya,2026-04-20 09:13:01
bs0034,Amber,Green,2026-04-20 09:14:01,STATE_CHANGE,-0.4306375,36.9514531,Kenya,2026-04-20 09:14:01
bs0034,Green,Amber,2026-04-20 09:17:01,STATE_CHANGE,-0.4306375,36.9514531,Kenya,2026-04-20 09:17:01
bs0041,Amber,Red,2026-04-20 09:21:01,STATE_CHANGE,-1.277534452,36.79393909,Kenya,2026-04-20 09:21:01
bs0027,Amber,Red,2026-04-20 09:25:01,STATE_CHANGE,-1.2642052,36.80537588,Kenya,2026-04-20 09:25:01
bs0041,Grey,Amber,2026-04-20 09:27:01,STATE_CHANGE,-1.277534452,36.79393909,Kenya,2026-04-20 09:27:01
bs0041,Green,Grey,2026-04-20 09:31:01,STATE_CHANGE,-1.277534452,36.79393909,Kenya,2026-04-20 09:31:01
bs0043,Amber,Red,2026-04-20 09:31:01,STATE_CHANGE,-1.24311724,36.88041377,Kenya,2026-04-20 09:31:01
bs0027,Green,Amber,2026-04-20 09:32:01,STATE_CHANGE,-1.2642052,36.80537588,Kenya,2026-04-20 09:32:01
bs0015,Amber,Green,2026-04-20 09:33:02,STATE_CHANGE,-1.275095,36.972193,Kenya,2026-04-20 09:33:02
bs0024,Red,Green,2026-04-20 09:38:01,STATE_CHANGE,-1.2980556,36.8183333,Kenya,2026-04-20 09:38:01
bs0027,Amber,Green,2026-04-20 09:40:01,STATE_CHANGE,-1.2642052,36.80537588,Kenya,2026-04-20 09:40:01
bs0027,Green,Amber,2026-04-20 09:41:01,STATE_CHANGE,-1.2642052,36.80537588,Kenya,2026-04-20 09:41:01
bs0035,Amber,Green,2026-04-20 09:42:01,STATE_CHANGE,-1.3064295,36.8882947,Kenya,2026-04-20 09:42:01
bs0043,Green,Amber,2026-04-20 09:42:01,STATE_CHANGE,-1.24311724,36.88041377,Kenya,2026-04-20 09:42:01
bs0015,Green,Amber,2026-04-20 09:43:01,STATE_CHANGE,-1.275095,36.972193,Kenya,2026-04-20 09:43:01
bs0043,Red,Green,2026-04-20 09:45:01,STATE_CHANGE,-1.24311724,36.88041377,Kenya,2026-04-20 09:45:01
bs0048,Red,Green,2026-04-20 09:45:01,STATE_CHANGE,-1.294223033,36.80532385,Kenya,2026-04-20 09:45:01
bs0043,Amber,Red,2026-04-20 09:47:01,STATE_CHANGE,-1.24311724,36.88041377,Kenya,2026-04-20 09:47:01
bs0007,Red,Green,2026-04-20 09:48:01,STATE_CHANGE,-1.293519818,36.76162793,Kenya,2026-04-20 09:48:01
bs0034,Red,Green,2026-04-20 09:49:01,STATE_CHANGE,-0.4306375,36.9514531,Kenya,2026-04-20 09:49:01
bs0027,Amber,Green,2026-04-20 09:49:01,STATE_CHANGE,-1.2642052,36.80537588,Kenya,2026-04-20 09:49:01
bs0017,Red,Green,2026-04-20 09:50:01,STATE_CHANGE,-1.2667375,36.8456719,Kenya,2026-04-20 09:50:01
bs0027,Green,Amber,2026-04-20 09:51:01,STATE_CHANGE,-1.2642052,36.80537588,Kenya,2026-04-20 09:51:01
bs0043,Green,Amber,2026-04-20 09:52:01,STATE_CHANGE,-1.24311724,36.88041377,Kenya,2026-04-20 09:52:01
bs0030,Red,Green,2026-04-20 09:54:01,STATE_CHANGE,-1.32456511,36.79599158,Kenya,2026-04-20 09:54:01
bs0035,Green,Amber,2026-04-20 09:54:01,STATE_CHANGE,-1.3064295,36.8882947,Kenya,2026-04-20 09:54:01
bs0041,Red,Green,2026-04-20 09:55:01,STATE_CHANGE,-1.277534452,36.79393909,Kenya,2026-04-20 09:55:01
bs0023,Red,Green,2026-04-20 09:56:01,STATE_CHANGE,-1.215112301,36.89190192,Kenya,2026-04-20 09:56:01
bs0024,Amber,Red,2026-04-20 09:57:01,STATE_CHANGE,-1.2980556,36.8183333,Kenya,2026-04-20 09:57:01
bs0035,Red,Green,2026-04-20 09:58:01,STATE_CHANGE,-1.3064295,36.8882947,Kenya,2026-04-20 09:58:01
bs0013,Red,Green,2026-04-20 10:01:01,STATE_CHANGE,-1.2303625,36.6823281,Kenya,2026-04-20 10:01:01
bs0023,Amber,Red,2026-04-20 10:01:01,STATE_CHANGE,-1.215112301,36.89190192,Kenya,2026-04-20 10:01:01
bs0025,Red,Green,2026-04-20 10:05:01,STATE_CHANGE,-1.217798261,36.89793289,Kenya,2026-04-20 10:05:01
bs0024,Green,Amber,2026-04-20 10:09:01,STATE_CHANGE,-1.2980556,36.8183333,Kenya,2026-04-20 10:09:01
bs0023,Green,Amber,2026-04-20 10:09:01,STATE_CHANGE,-1.215112301,36.89190192,Kenya,2026-04-20 10:09:01
bs0034,Amber,Red,2026-04-20 10:10:01,STATE_CHANGE,-0.4306375,36.9514531,Kenya,2026-04-20 10:10:01
bs0013,Amber,Red,2026-04-20 10:11:01,STATE_CHANGE,-1.2303625,36.6823281,Kenya,2026-04-20 10:11:01
bs0048,Amber,Red,2026-04-20 10:11:01,STATE_CHANGE,-1.294223033,36.80532385,Kenya,2026-04-20 10:11:01
bs0025,Amber,Red,2026-04-20 10:12:01,STATE_CHANGE,-1.217798261,36.89793289,Kenya,2026-04-20 10:12:01
bs0027,Red,Green,2026-04-20 10:13:01,STATE_CHANGE,-1.2642052,36.80537588,Kenya,2026-04-20 10:13:01
bs0027,Amber,Red,2026-04-20 10:16:01,STATE_CHANGE,-1.2642052,36.80537588,Kenya,2026-04-20 10:16:01
bs0013,Green,Amber,2026-04-20 10:18:01,STATE_CHANGE,-1.2303625,36.6823281,Kenya,2026-04-20 10:18:01
bs0017,Amber,Red,2026-04-20 10:19:01,STATE_CHANGE,-1.2667375,36.8456719,Kenya,2026-04-20 10:19:01
bs0048,Green,Amber,2026-04-20 10:19:01,STATE_CHANGE,-1.294223033,36.80532385,Kenya,2026-04-20 10:19:01
bs0035,Amber,Red,2026-04-20 10:20:01,STATE_CHANGE,-1.3064295,36.8882947,Kenya,2026-04-20 10:20:01
bs0025,Green,Amber,2026-04-20 10:22:02,STATE_CHANGE,-1.217798261,36.89793289,Kenya,2026-04-20 10:22:02
bs0034,Green,Amber,2026-04-20 10:23:01,STATE_CHANGE,-0.4306375,36.9514531,Kenya,2026-04-20 10:23:01
bs0002,Amber,Green,2026-04-20 10:23:01,STATE_CHANGE,0.005700848267,37.07249942,Kenya,2026-04-20 10:23:01
bs0027,Green,Amber,2026-04-20 10:24:01,STATE_CHANGE,-1.2642052,36.80537588,Kenya,2026-04-20 10:24:01
bs0034,Red,Green,2026-04-20 10:25:01,STATE_CHANGE,-0.4306375,36.9514531,Kenya,2026-04-20 10:25:01
bs0017,Green,Amber,2026-04-20 10:25:01,STATE_CHANGE,-1.2667375,36.8456719,Kenya,2026-04-20 10:25:01
bs0017,Red,Green,2026-04-20 10:26:01,STATE_CHANGE,-1.2667375,36.8456719,Kenya,2026-04-20 10:26:01
bs0023,Red,Green,2026-04-20 10:26:01,STATE_CHANGE,-1.215112301,36.89190192,Kenya,2026-04-20 10:26:01
bs0025,Red,Green,2026-04-20 10:27:01,STATE_CHANGE,-1.217798261,36.89793289,Kenya,2026-04-20 10:27:01
bs0007,Amber,Red,2026-04-20 10:27:01,STATE_CHANGE,-1.293519818,36.76162793,Kenya,2026-04-20 10:27:01
bs0030,Amber,Red,2026-04-20 10:29:01,STATE_CHANGE,-1.32456511,36.79599158,Kenya,2026-04-20 10:29:01
bs0041,Amber,Red,2026-04-20 10:29:01,STATE_CHANGE,-1.277534452,36.79393909,Kenya,2026-04-20 10:29:01
bs0035,Green,Amber,2026-04-20 10:30:01,STATE_CHANGE,-1.3064295,36.8882947,Kenya,2026-04-20 10:30:01
bs0022,Red,Green,2026-04-20 10:30:01,STATE_CHANGE,-1.259370926,36.81692897,Kenya,2026-04-20 10:30:01
bs0035,Red,Green,2026-04-20 10:32:01,STATE_CHANGE,-1.3064295,36.8882947,Kenya,2026-04-20 10:32:01
bs0002,Green,Amber,2026-04-20 10:33:01,STATE_CHANGE,0.005700848267,37.07249942,Kenya,2026-04-20 10:33:01
bs0022,Amber,Red,2026-04-20 10:34:01,STATE_CHANGE,-1.259370926,36.81692897,Kenya,2026-04-20 10:34:01
bs0023,Amber,Red,2026-04-20 10:35:01,STATE_CHANGE,-1.215112301,36.89190192,Kenya,2026-04-20 10:35:01
bs0017,Amber,Red,2026-04-20 10:36:01,STATE_CHANGE,-1.2667375,36.8456719,Kenya,2026-04-20 10:36:01
bs0007,Green,Amber,2026-04-20 10:36:01,STATE_CHANGE,-1.293519818,36.76162793,Kenya,2026-04-20 10:36:01
bs0041,Green,Amber,2026-04-20 10:38:01,STATE_CHANGE,-1.277534452,36.79393909,Kenya,2026-04-20 10:38:01
bs0035,Amber,Red,2026-04-20 10:40:01,STATE_CHANGE,-1.3064295,36.8882947,Kenya,2026-04-20 10:40:01
bs0029,Red,Green,2026-04-20 10:43:01,STATE_CHANGE,-0.4216641356,36.95238229,Kenya,2026-04-20 10:43:01
bs0030,Green,Amber,2026-04-20 10:44:01,STATE_CHANGE,-1.32456511,36.79599158,Kenya,2026-04-20 10:44:01
bs0022,Green,Amber,2026-04-20 10:45:01,STATE_CHANGE,-1.259370926,36.81692897,Kenya,2026-04-20 10:45:01
bs0023,Green,Amber,2026-04-20 10:45:01,STATE_CHANGE,-1.215112301,36.89190192,Kenya,2026-04-20 10:45:01
bs0034,Amber,Red,2026-04-20 10:46:01,STATE_CHANGE,-0.4306375,36.9514531,Kenya,2026-04-20 10:46:01
bs0026,Amber,Green,2026-04-20 10:46:01,STATE_CHANGE,-1.2152568,36.8918121,Kenya,2026-04-20 10:46:01
bs0017,Green,Amber,2026-04-20 10:48:01,STATE_CHANGE,-1.2667375,36.8456719,Kenya,2026-04-20 10:48:01
bs0043,Red,Green,2026-04-20 10:48:01,STATE_CHANGE,-1.24311724,36.88041377,Kenya,2026-04-20 10:48:01
bs0026,Green,Amber,2026-04-20 10:48:01,STATE_CHANGE,-1.2152568,36.8918121,Kenya,2026-04-20 10:48:01
bs0017,Red,Green,2026-04-20 10:50:01,STATE_CHANGE,-1.2667375,36.8456719,Kenya,2026-04-20 10:50:01
bs0035,Green,Amber,2026-04-20 10:53:01,STATE_CHANGE,-1.3064295,36.8882947,Kenya,2026-04-20 10:53:01
bs0025,Amber,Red,2026-04-20 10:58:01,STATE_CHANGE,-1.217798261,36.89793289,Kenya,2026-04-20 10:58:01
bs0030,Grey,Green,2026-04-20 10:59:01,STATE_CHANGE,-1.32456511,36.79599158,Kenya,2026-04-20 10:59:01
bs0034,Green,Amber,2026-04-20 10:59:01,STATE_CHANGE,-0.4306375,36.9514531,Kenya,2026-04-20 10:59:01
bs0043,Amber,Red,2026-04-20 11:03:01,STATE_CHANGE,-1.24311724,36.88041377,Kenya,2026-04-20 11:03:01
bs0035,Amber,Green,2026-04-20 11:04:01,STATE_CHANGE,-1.3064295,36.8882947,Kenya,2026-04-20 11:04:01
bs0029,Amber,Red,2026-04-20 11:06:01,STATE_CHANGE,-0.4216641356,36.95238229,Kenya,2026-04-20 11:06:01
bs0061,Amber,Green,2026-04-20 11:07:01,STATE_CHANGE,-1.3087667,36.860551,Kenya,2026-04-20 11:07:01
bs0035,Green,Amber,2026-04-20 11:09:02,STATE_CHANGE,-1.3064295,36.8882947,Kenya,2026-04-20 11:09:02
bs0025,Green,Amber,2026-04-20 11:09:02,STATE_CHANGE,-1.217798261,36.89793289,Kenya,2026-04-20 11:09:02
bs0061,Green,Amber,2026-04-20 11:10:01,STATE_CHANGE,-1.3087667,36.860551,Kenya,2026-04-20 11:10:01
bs0029,Green,Amber,2026-04-20 11:14:01,STATE_CHANGE,-0.4216641356,36.95238229,Kenya,2026-04-20 11:14:01
bs0041,Red,Green,2026-04-20 11:15:01,STATE_CHANGE,-1.277534452,36.79393909,Kenya,2026-04-20 11:15:01
bs0013,Red,Green,2026-04-20 11:16:02,STATE_CHANGE,-1.2303625,36.6823281,Kenya,2026-04-20 11:16:02
bs0017,Amber,Red,2026-04-20 11:16:02,STATE_CHANGE,-1.2667375,36.8456719,Kenya,2026-04-20 11:16:02
bs0031,Red,Green,2026-04-20 11:16:02,STATE_CHANGE,-1.293759326,36.85065024,Kenya,2026-04-20 11:16:02
bs0043,Green,Amber,2026-04-20 11:16:02,STATE_CHANGE,-1.24311724,36.88041377,Kenya,2026-04-20 11:16:02
bs0031,Amber,Red,2026-04-20 11:24:02,STATE_CHANGE,-1.293759326,36.85065024,Kenya,2026-04-20 11:24:02
bs0017,Green,Amber,2026-04-20 11:29:01,STATE_CHANGE,-1.2667375,36.8456719,Kenya,2026-04-20 11:29:01
bs0061,Red,Green,2026-04-20 11:29:01,STATE_CHANGE,-1.3087667,36.860551,Kenya,2026-04-20 11:29:01
bs0041,Amber,Red,2026-04-20 11:33:01,STATE_CHANGE,-1.277534452,36.79393909,Kenya,2026-04-20 11:33:01
bs0031,Green,Amber,2026-04-20 11:35:01,STATE_CHANGE,-1.293759326,36.85065024,Kenya,2026-04-20 11:35:01
bs0061,Amber,Red,2026-04-20 11:35:01,STATE_CHANGE,-1.3087667,36.860551,Kenya,2026-04-20 11:35:01
bs0013,Amber,Red,2026-04-20 11:37:01,STATE_CHANGE,-1.2303625,36.6823281,Kenya,2026-04-20 11:37:01
bs0041,Green,Amber,2026-04-20 11:39:01,STATE_CHANGE,-1.277534452,36.79393909,Kenya,2026-04-20 11:39:01
bs0061,Green,Amber,2026-04-20 11:41:01,STATE_CHANGE,-1.3087667,36.860551,Kenya,2026-04-20 11:41:01
bs0052,Red,Green,2026-04-20 11:44:01,STATE_CHANGE,-1.2735002,36.8262477,Kenya,2026-04-20 11:44:01
bs0013,Green,Amber,2026-04-20 11:52:01,STATE_CHANGE,-1.2303625,36.6823281,Kenya,2026-04-20 11:52:01
bs0013,Red,Green,2026-04-20 11:53:02,STATE_CHANGE,-1.2303625,36.6823281,Kenya,2026-04-20 11:53:02
bs0052,Amber,Red,2026-04-20 11:54:01,STATE_CHANGE,-1.2735002,36.8262477,Kenya,2026-04-20 11:54:01
bs0013,Amber,Red,2026-04-20 11:55:01,STATE_CHANGE,-1.2303625,36.6823281,Kenya,2026-04-20 11:55:01
bs0041,Amber,Green,2026-04-20 11:59:01,STATE_CHANGE,-1.277534452,36.79393909,Kenya,2026-04-20 11:59:01
bs0013,Green,Amber,2026-04-20 12:03:01,STATE_CHANGE,-1.2303625,36.6823281,Kenya,2026-04-20 12:03:01
bs0052,Green,Amber,2026-04-20 12:04:01,STATE_CHANGE,-1.2735002,36.8262477,Kenya,2026-04-20 12:04:01
bs0021,Red,Green,2026-04-20 12:07:01,STATE_CHANGE,-1.2895575,36.7693693,Kenya,2026-04-20 12:07:01
bs0041,Green,Amber,2026-04-20 12:09:01,STATE_CHANGE,-1.277534452,36.79393909,Kenya,2026-04-20 12:09:01
bs0033,Amber,Green,2026-04-20 12:16:01,STATE_CHANGE,-1.2983013,36.7832031,Kenya,2026-04-20 12:16:01
bs0021,Amber,Red,2026-04-20 12:19:01,STATE_CHANGE,-1.2895575,36.7693693,Kenya,2026-04-20 12:19:01
bs0033,Green,Amber,2026-04-20 12:27:01,STATE_CHANGE,-1.2983013,36.7832031,Kenya,2026-04-20 12:27:01
bs0021,Green,Amber,2026-04-20 12:28:01,STATE_CHANGE,-1.2895575,36.7693693,Kenya,2026-04-20 12:28:01
bs0033,Red,Green,2026-04-20 12:34:01,STATE_CHANGE,-1.2983013,36.7832031,Kenya,2026-04-20 12:34:01
bs0041,Red,Green,2026-04-20 12:39:01,STATE_CHANGE,-1.277534452,36.79393909,Kenya,2026-04-20 12:39:01
bs0059,Red,Green,2026-04-20 12:39:01,STATE_CHANGE,-1.288639944,36.8023879,Kenya,2026-04-20 12:39:01
bs0041,Amber,Red,2026-04-20 12:46:01,STATE_CHANGE,-1.277534452,36.79393909,Kenya,2026-04-20 12:46:01
bs0033,Amber,Red,2026-04-20 12:49:01,STATE_CHANGE,-1.2983013,36.7832031,Kenya,2026-04-20 12:49:01
bs0043,Red,Green,2026-04-20 12:49:01,STATE_CHANGE,-1.24311724,36.88041377,Kenya,2026-04-20 12:49:01
bs0065,Amber,Green,2026-04-20 12:51:01,STATE_CHANGE,-1.341161382,36.75036256,Kenya,2026-04-20 12:51:01
bs0059,Amber,Red,2026-04-20 12:54:01,STATE_CHANGE,-1.288639944,36.8023879,Kenya,2026-04-20 12:54:01
bs0031,Red,Green,2026-04-20 12:55:01,STATE_CHANGE,-1.293759326,36.85065024,Kenya,2026-04-20 12:55:01
bs0041,Green,Amber,2026-04-20 12:56:01,STATE_CHANGE,-1.277534452,36.79393909,Kenya,2026-04-20 12:56:01
bs0031,Amber,Red,2026-04-20 12:58:01,STATE_CHANGE,-1.293759326,36.85065024,Kenya,2026-04-20 12:58:01
bs0065,Green,Amber,2026-04-20 13:00:02,STATE_CHANGE,-1.341161382,36.75036256,Kenya,2026-04-20 13:00:02
bs0033,Green,Amber,2026-04-20 13:01:01,STATE_CHANGE,-1.2983013,36.7832031,Kenya,2026-04-20 13:01:01
bs0059,Green,Amber,2026-04-20 13:01:01,STATE_CHANGE,-1.288639944,36.8023879,Kenya,2026-04-20 13:01:01
bs0031,Green,Amber,2026-04-20 13:09:01,STATE_CHANGE,-1.293759326,36.85065024,Kenya,2026-04-20 13:09:01
bs0051,Red,Green,2026-04-20 13:10:01,STATE_CHANGE,-1.308024666,36.81898027,Kenya,2026-04-20 13:10:01
bs0027,Amber,Green,2026-04-20 13:12:01,STATE_CHANGE,-1.2642052,36.80537588,Kenya,2026-04-20 13:12:01
bs0065,Red,Green,2026-04-20 13:14:01,STATE_CHANGE,-1.341161382,36.75036256,Kenya,2026-04-20 13:14:01
bs0042,Amber,Green,2026-04-20 13:14:01,STATE_CHANGE,-1.3138581,36.9152761,Kenya,2026-04-20 13:14:01
bs0027,Green,Amber,2026-04-20 13:15:01,STATE_CHANGE,-1.2642052,36.80537588,Kenya,2026-04-20 13:15:01
bs0043,Amber,Red,2026-04-20 13:16:01,STATE_CHANGE,-1.24311724,36.88041377,Kenya,2026-04-20 13:16:01
bs0042,Green,Amber,2026-04-20 13:23:01,STATE_CHANGE,-1.3138581,36.9152761,Kenya,2026-04-20 13:23:01
bs0043,Green,Amber,2026-04-20 13:26:01,STATE_CHANGE,-1.24311724,36.88041377,Kenya,2026-04-20 13:26:01
bs0051,Amber,Red,2026-04-20 13:30:01,STATE_CHANGE,-1.308024666,36.81898027,Kenya,2026-04-20 13:30:01
bs0025,Red,Green,2026-04-20 13:32:01,STATE_CHANGE,-1.217798261,36.89793289,Kenya,2026-04-20 13:32:01
bs0042,Red,Green,2026-04-20 13:33:01,STATE_CHANGE,-1.3138581,36.9152761,Kenya,2026-04-20 13:33:01
bs0065,Amber,Red,2026-04-20 13:35:01,STATE_CHANGE,-1.341161382,36.75036256,Kenya,2026-04-20 13:35:01
bs0031,Red,Green,2026-04-20 13:35:01,STATE_CHANGE,-1.293759326,36.85065024,Kenya,2026-04-20 13:35:01
bs0031,Amber,Red,2026-04-20 13:36:01,STATE_CHANGE,-1.293759326,36.85065024,Kenya,2026-04-20 13:36:01
bs0013,Red,Green,2026-04-20 13:37:01,STATE_CHANGE,-1.2303625,36.6823281,Kenya,2026-04-20 13:37:01
bs0043,Red,Green,2026-04-20 13:37:01,STATE_CHANGE,-1.24311724,36.88041377,Kenya,2026-04-20 13:37:01
bs0051,Green,Amber,2026-04-20 13:38:01,STATE_CHANGE,-1.308024666,36.81898027,Kenya,2026-04-20 13:38:01
bs0065,Green,Amber,2026-04-20 13:50:01,STATE_CHANGE,-1.341161382,36.75036256,Kenya,2026-04-20 13:50:01
bs0031,Green,Amber,2026-04-20 13:51:01,STATE_CHANGE,-1.293759326,36.85065024,Kenya,2026-04-20 13:51:01
bs0025,Amber,Red,2026-04-20 13:59:01,STATE_CHANGE,-1.217798261,36.89793289,Kenya,2026-04-20 13:59:01
bs0042,Amber,Red,2026-04-20 14:02:01,STATE_CHANGE,-1.3138581,36.9152761,Kenya,2026-04-20 14:02:01
bs0065,Amber,Green,2026-04-20 14:05:01,STATE_CHANGE,-1.341161382,36.75036256,Kenya,2026-04-20 14:05:01
bs0025,Green,Amber,2026-04-20 14:14:01,STATE_CHANGE,-1.217798261,36.89793289,Kenya,2026-04-20 14:14:01
bs0031,Amber,Green,2026-04-20 14:14:01,STATE_CHANGE,-1.293759326,36.85065024,Kenya,2026-04-20 14:14:01
bs0065,Green,Amber,2026-04-20 14:17:01,STATE_CHANGE,-1.341161382,36.75036256,Kenya,2026-04-20 14:17:01
bs0042,Green,Amber,2026-04-20 14:17:01,STATE_CHANGE,-1.3138581,36.9152761,Kenya,2026-04-20 14:17:01
bs0065,Grey,Green,2026-04-20 14:19:01,STATE_CHANGE,-1.341161382,36.75036256,Kenya,2026-04-20 14:19:01
bs0033,Grey,Green,2026-04-20 14:19:01,STATE_CHANGE,-1.2983013,36.7832031,Kenya,2026-04-20 14:19:01
bs0046,Grey,Green,2026-04-20 14:19:01,STATE_CHANGE,0.0250875,37.0676406,Kenya,2026-04-20 14:19:01
bs0050,Grey,Green,2026-04-20 14:19:01,STATE_CHANGE,-1.232800685,36.80740261,Kenya,2026-04-20 14:19:01
bs0027,Grey,Green,2026-04-20 14:20:01,STATE_CHANGE,-1.2642052,36.80537588,Kenya,2026-04-20 14:20:01
bs0045,Grey,Green,2026-04-20 14:20:01,STATE_CHANGE,-0.1718875,37.0215781,Kenya,2026-04-20 14:20:01
bs0036,Grey,Green,2026-04-20 14:21:01,STATE_CHANGE,-1.3965625,36.7434375,Kenya,2026-04-20 14:21:01
bs0013,Amber,Red,2026-04-20 14:21:01,STATE_CHANGE,-1.2303625,36.6823281,Kenya,2026-04-20 14:21:01
bs0011,Grey,Green,2026-04-20 14:21:01,STATE_CHANGE,12.91186413,77.63686608,India,2026-04-20 14:21:01
bs0037,Grey,Green,2026-04-20 14:22:01,STATE_CHANGE,-1.2069637,36.7833023,Kenya,2026-04-20 14:22:01
bs0024,Grey,Green,2026-04-20 14:22:01,STATE_CHANGE,-1.2980556,36.8183333,Kenya,2026-04-20 14:22:01
bs0052,Grey,Green,2026-04-20 14:22:01,STATE_CHANGE,-1.2735002,36.8262477,Kenya,2026-04-20 14:22:01
bs0026,Grey,Green,2026-04-20 14:23:01,STATE_CHANGE,-1.2152568,36.8918121,Kenya,2026-04-20 14:23:01
bs0014,Grey,Green,2026-04-20 14:24:01,STATE_CHANGE,-1.326784513,36.89444913,Kenya,2026-04-20 14:24:01
bs0047,Grey,Green,2026-04-20 14:24:01,STATE_CHANGE,0.01485822629,37.07601655,Kenya,2026-04-20 14:24:01
bs0056,Grey,Green,2026-04-20 14:24:01,STATE_CHANGE,-1.2805625,36.7363125,Kenya,2026-04-20 14:24:01
bs0044,Grey,Green,2026-04-20 14:25:01,STATE_CHANGE,-1.2120625,36.8720625,Kenya,2026-04-20 14:25:01
bs0028,Grey,Green,2026-04-20 14:27:01,STATE_CHANGE,-1.4314375,36.6863594,Kenya,2026-04-20 14:27:01
bs0031,Green,Amber,2026-04-20 14:27:01,STATE_CHANGE,-1.293759326,36.85065024,Kenya,2026-04-20 14:27:01
bs0010,Grey,Green,2026-04-20 14:28:01,STATE_CHANGE,-1.040930573,37.07211436,Kenya,2026-04-20 14:28:01
bs0065,Green,Grey,2026-04-20 14:29:02,STATE_CHANGE,-1.341161382,36.75036256,Kenya,2026-04-20 14:29:02
bs0033,Green,Grey,2026-04-20 14:29:02,STATE_CHANGE,-1.2983013,36.7832031,Kenya,2026-04-20 14:29:02
bs0044,Green,Grey,2026-04-20 14:29:02,STATE_CHANGE,-1.2120625,36.8720625,Kenya,2026-04-20 14:29:02
bs0025,Red,Green,2026-04-20 14:29:02,STATE_CHANGE,-1.217798261,36.89793289,Kenya,2026-04-20 14:29:02
bs0046,Green,Grey,2026-04-20 14:29:02,STATE_CHANGE,0.0250875,37.0676406,Kenya,2026-04-20 14:29:02
bs0037,Green,Grey,2026-04-20 14:29:02,STATE_CHANGE,-1.2069637,36.7833023,Kenya,2026-04-20 14:29:02
bs0014,Green,Grey,2026-04-20 14:29:02,STATE_CHANGE,-1.326784513,36.89444913,Kenya,2026-04-20 14:29:02
bs0036,Green,Grey,2026-04-20 14:29:02,STATE_CHANGE,-1.3965625,36.7434375,Kenya,2026-04-20 14:29:02
bs0028,Green,Grey,2026-04-20 14:29:02,STATE_CHANGE,-1.4314375,36.6863594,Kenya,2026-04-20 14:29:02
bs0027,Green,Grey,2026-04-20 14:29:02,STATE_CHANGE,-1.2642052,36.80537588,Kenya,2026-04-20 14:29:02
bs0024,Green,Grey,2026-04-20 14:29:02,STATE_CHANGE,-1.2980556,36.8183333,Kenya,2026-04-20 14:29:02
bs0045,Green,Grey,2026-04-20 14:29:02,STATE_CHANGE,-0.1718875,37.0215781,Kenya,2026-04-20 14:29:02
bs0047,Green,Grey,2026-04-20 14:29:02,STATE_CHANGE,0.01485822629,37.07601655,Kenya,2026-04-20 14:29:02
bs0043,Green,Red,2026-04-20 14:29:02,STATE_CHANGE,-1.24311724,36.88041377,Kenya,2026-04-20 14:29:02
bs0052,Green,Grey,2026-04-20 14:29:02,STATE_CHANGE,-1.2735002,36.8262477,Kenya,2026-04-20 14:29:02
bs0011,Green,Grey,2026-04-20 14:29:02,STATE_CHANGE,12.91186413,77.63686608,India,2026-04-20 14:29:02
bs0050,Green,Grey,2026-04-20 14:29:02,STATE_CHANGE,-1.232800685,36.80740261,Kenya,2026-04-20 14:29:02
bs0056,Green,Grey,2026-04-20 14:29:02,STATE_CHANGE,-1.2805625,36.7363125,Kenya,2026-04-20 14:29:02
bs0026,Green,Grey,2026-04-20 14:29:02,STATE_CHANGE,-1.2152568,36.8918121,Kenya,2026-04-20 14:29:02
bs0064,Red,Green,2026-04-20 14:30:01,STATE_CHANGE,-1.1674531,36.9638317,Kenya,2026-04-20 14:30:01
bs0010,Green,Grey,2026-04-20 14:30:01,STATE_CHANGE,-1.040930573,37.07211436,Kenya,2026-04-20 14:30:01
bs0013,Green,Amber,2026-04-20 14:30:01,STATE_CHANGE,-1.2303625,36.6823281,Kenya,2026-04-20 14:30:01
bs0064,Green,Red,2026-04-20 14:34:01,STATE_CHANGE,-1.1674531,36.9638317,Kenya,2026-04-20 14:34:01
bs0064,Red,Green,2026-04-20 14:36:01,STATE_CHANGE,-1.1674531,36.9638317,Kenya,2026-04-20 14:36:01
bs0025,Green,Red,2026-04-20 14:36:01,STATE_CHANGE,-1.217798261,36.89793289,Kenya,2026-04-20 14:36:01
bs0031,Red,Green,2026-04-20 14:42:01,STATE_CHANGE,-1.293759326,36.85065024,Kenya,2026-04-20 14:42:01
bs0025,Red,Green,2026-04-20 14:43:01,STATE_CHANGE,-1.217798261,36.89793289,Kenya,2026-04-20 14:43:01
bs0013,Red,Green,2026-04-20 14:43:01,STATE_CHANGE,-1.2303625,36.6823281,Kenya,2026-04-20 14:43:01
bs0054,Red,Green,2026-04-20 14:47:01,STATE_CHANGE,-1.400266,36.9439122,Kenya,2026-04-20 14:47:01
bs0025,Amber,Red,2026-04-20 14:48:01,STATE_CHANGE,-1.217798261,36.89793289,Kenya,2026-04-20 14:48:01
bs0065,Red,Green,2026-04-20 14:56:01,STATE_CHANGE,-1.341161382,36.75036256,Kenya,2026-04-20 14:56:01
bs0025,Green,Amber,2026-04-20 14:56:01,STATE_CHANGE,-1.217798261,36.89793289,Kenya,2026-04-20 14:56:01
bs0013,Amber,Red,2026-04-20 14:58:01,STATE_CHANGE,-1.2303625,36.6823281,Kenya,2026-04-20 14:58:01
bs0031,Amber,Red,2026-04-20 15:02:01,STATE_CHANGE,-1.293759326,36.85065024,Kenya,2026-04-20 15:02:01
bs0064,Amber,Red,2026-04-20 15:10:01,STATE_CHANGE,-1.1674531,36.9638317,Kenya,2026-04-20 15:10:01
bs0054,Amber,Red,2026-04-20 15:10:01,STATE_CHANGE,-1.400266,36.9439122,Kenya,2026-04-20 15:10:01
bs0013,Green,Amber,2026-04-20 15:13:01,STATE_CHANGE,-1.2303625,36.6823281,Kenya,2026-04-20 15:13:01
bs0031,Green,Amber,2026-04-20 15:17:01,STATE_CHANGE,-1.293759326,36.85065024,Kenya,2026-04-20 15:17:01
bs0064,Green,Amber,2026-04-20 15:25:01,STATE_CHANGE,-1.1674531,36.9638317,Kenya,2026-04-20 15:25:01
bs0054,Green,Amber,2026-04-20 15:25:01,STATE_CHANGE,-1.400266,36.9439122,Kenya,2026-04-20 15:25:01
bs0065,Amber,Red,2026-04-20 15:29:01,STATE_CHANGE,-1.341161382,36.75036256,Kenya,2026-04-20 15:29:01
bs0053,Amber,Green,2026-04-20 15:35:02,STATE_CHANGE,-1.3006111,36.8250278,Kenya,2026-04-20 15:35:02
bs0033,Amber,Green,2026-04-20 15:36:01,STATE_CHANGE,-1.2983013,36.7832031,Kenya,2026-04-20 15:36:01
bs0055,Grey,Green,2026-04-20 15:37:01,STATE_CHANGE,-1.3241564,36.7827715,Kenya,2026-04-20 15:37:01
bs0053,Grey,Amber,2026-04-20 15:37:01,STATE_CHANGE,-1.3006111,36.8250278,Kenya,2026-04-20 15:37:01
bs0055,Green,Grey,2026-04-20 15:38:01,STATE_CHANGE,-1.3241564,36.7827715,Kenya,2026-04-20 15:38:01
bs0029,Amber,Green,2026-04-20 15:39:01,STATE_CHANGE,-0.4216641356,36.95238229,Kenya,2026-04-20 15:39:01
bs0065,Green,Amber,2026-04-20 15:39:01,STATE_CHANGE,-1.341161382,36.75036256,Kenya,2026-04-20 15:39:01
bs0054,Grey,Green,2026-04-20 15:39:01,STATE_CHANGE,-1.400266,36.9439122,Kenya,2026-04-20 15:39:01
bs0053,Green,Grey,2026-04-20 15:39:01,STATE_CHANGE,-1.3006111,36.8250278,Kenya,2026-04-20 15:39:01
bs0033,Green,Amber,2026-04-20 15:39:01,STATE_CHANGE,-1.2983013,36.7832031,Kenya,2026-04-20 15:39:01
bs0025,Amber,Green,2026-04-20 15:39:01,STATE_CHANGE,-1.217798261,36.89793289,Kenya,2026-04-20 15:39:01
bs0013,Red,Green,2026-04-20 15:39:01,STATE_CHANGE,-1.2303625,36.6823281,Kenya,2026-04-20 15:39:01
bs0043,Red,Green,2026-04-20 15:39:01,STATE_CHANGE,-1.24311724,36.88041377,Kenya,2026-04-20 15:39:01
bs0061,Red,Green,2026-04-20 15:39:01,STATE_CHANGE,-1.3087667,36.860551,Kenya,2026-04-20 15:39:01
bs0017,Red,Green,2026-04-20 15:40:01,STATE_CHANGE,-1.2667375,36.8456719,Kenya,2026-04-20 15:40:01
bs0054,Green,Grey,2026-04-20 15:42:01,STATE_CHANGE,-1.400266,36.9439122,Kenya,2026-04-20 15:42:01
bs0029,Red,Amber,2026-04-20 15:46:01,STATE_CHANGE,-0.4216641356,36.95238229,Kenya,2026-04-20 15:46:01
bs0030,Green,Grey,2026-04-20 15:46:01,STATE_CHANGE,-1.32456511,36.79599158,Kenya,2026-04-20 15:46:01
bs0022,Amber,Green,2026-04-20 15:48:01,STATE_CHANGE,-1.259370926,36.81692897,Kenya,2026-04-20 15:48:01
bs0022,Green,Amber,2026-04-20 15:49:01,STATE_CHANGE,-1.259370926,36.81692897,Kenya,2026-04-20 15:49:01
bs0013,Green,Red,2026-04-20 15:49:01,STATE_CHANGE,-1.2303625,36.6823281,Kenya,2026-04-20 15:49:01
bs0025,Green,Amber,2026-04-20 15:51:02,STATE_CHANGE,-1.217798261,36.89793289,Kenya,2026-04-20 15:51:02
bs0034,Red,Green,2026-04-20 15:57:01,STATE_CHANGE,-0.4306375,36.9514531,Kenya,2026-04-20 15:57:01
bs0024,Red,Green,2026-04-20 15:58:01,STATE_CHANGE,-1.2980556,36.8183333,Kenya,2026-04-20 15:58:01
bs0017,Green,Red,2026-04-20 16:00:01,STATE_CHANGE,-1.2667375,36.8456719,Kenya,2026-04-20 16:00:01
bs0061,Green,Red,2026-04-20 16:08:01,STATE_CHANGE,-1.3087667,36.860551,Kenya,2026-04-20 16:08:01
bs0029,Green,Red,2026-04-20 16:10:01,STATE_CHANGE,-0.4216641356,36.95238229,Kenya,2026-04-20 16:10:01
bs0025,Red,Green,2026-04-20 16:12:01,STATE_CHANGE,-1.217798261,36.89793289,Kenya,2026-04-20 16:12:01
bs0061,Amber,Green,2026-04-20 16:16:01,STATE_CHANGE,-1.3087667,36.860551,Kenya,2026-04-20 16:16:01
bs0010,Red,Green,2026-04-20 16:17:01,STATE_CHANGE,-1.040930573,37.07211436,Kenya,2026-04-20 16:17:01
bs0061,Green,Amber,2026-04-20 16:19:01,STATE_CHANGE,-1.3087667,36.860551,Kenya,2026-04-20 16:19:01
bs0056,Amber,Green,2026-04-20 16:20:01,STATE_CHANGE,-1.2805625,36.7363125,Kenya,2026-04-20 16:20:01
bs0031,Red,Green,2026-04-20 16:28:01,STATE_CHANGE,-1.293759326,36.85065024,Kenya,2026-04-20 16:28:01
bs0034,Amber,Red,2026-04-20 16:30:01,STATE_CHANGE,-0.4306375,36.9514531,Kenya,2026-04-20 16:30:01
bs0056,Green,Amber,2026-04-20 16:32:01,STATE_CHANGE,-1.2805625,36.7363125,Kenya,2026-04-20 16:32:01
bs0031,Amber,Red,2026-04-20 16:32:01,STATE_CHANGE,-1.293759326,36.85065024,Kenya,2026-04-20 16:32:01
bs0056,Red,Green,2026-04-20 16:33:01,STATE_CHANGE,-1.2805625,36.7363125,Kenya,2026-04-20 16:33:01
bs0043,Amber,Red,2026-04-20 16:33:01,STATE_CHANGE,-1.24311724,36.88041377,Kenya,2026-04-20 16:33:01
bs0010,Amber,Red,2026-04-20 16:34:01,STATE_CHANGE,-1.040930573,37.07211436,Kenya,2026-04-20 16:34:01
bs0034,Green,Amber,2026-04-20 16:40:01,STATE_CHANGE,-0.4306375,36.9514531,Kenya,2026-04-20 16:40:01
bs0025,Amber,Red,2026-04-20 16:41:01,STATE_CHANGE,-1.217798261,36.89793289,Kenya,2026-04-20 16:41:01
bs0010,Green,Amber,2026-04-20 16:44:01,STATE_CHANGE,-1.040930573,37.07211436,Kenya,2026-04-20 16:44:01
bs0031,Green,Amber,2026-04-20 16:44:01,STATE_CHANGE,-1.293759326,36.85065024,Kenya,2026-04-20 16:44:01
bs0043,Grey,Amber,2026-04-20 16:44:01,STATE_CHANGE,-1.24311724,36.88041377,Kenya,2026-04-20 16:44:01
bs0003,Amber,Green,2026-04-20 16:47:01,STATE_CHANGE,0.01330470798,37.07792968,Kenya,2026-04-20 16:47:01
bs0010,Amber,Green,2026-04-20 16:49:01,STATE_CHANGE,-1.040930573,37.07211436,Kenya,2026-04-20 16:49:01
bs0025,Green,Amber,2026-04-20 16:52:01,STATE_CHANGE,-1.217798261,36.89793289,Kenya,2026-04-20 16:52:01
bs0024,Amber,Red,2026-04-20 16:52:01,STATE_CHANGE,-1.2980556,36.8183333,Kenya,2026-04-20 16:52:01
bs0010,Green,Amber,2026-04-20 16:53:01,STATE_CHANGE,-1.040930573,37.07211436,Kenya,2026-04-20 16:53:01
bs0031,Red,Green,2026-04-20 16:53:01,STATE_CHANGE,-1.293759326,36.85065024,Kenya,2026-04-20 16:53:01
bs0025,Amber,Green,2026-04-20 16:55:01,STATE_CHANGE,-1.217798261,36.89793289,Kenya,2026-04-20 16:55:01
bs0003,Green,Amber,2026-04-20 16:55:01,STATE_CHANGE,0.01330470798,37.07792968,Kenya,2026-04-20 16:55:01
bs0058,Red,Green,2026-04-20 16:59:01,STATE_CHANGE,-1.263640401,36.76381862,Kenya,2026-04-20 16:59:01
bs0056,Amber,Red,2026-04-20 17:00:02,STATE_CHANGE,-1.2805625,36.7363125,Kenya,2026-04-20 17:00:02
bs0042,Red,Green,2026-04-20 17:00:02,STATE_CHANGE,-1.3138581,36.9152761,Kenya,2026-04-20 17:00:02
bs0024,Green,Amber,2026-04-20 17:01:01,STATE_CHANGE,-1.2980556,36.8183333,Kenya,2026-04-20 17:01:01
bs0042,Amber,Red,2026-04-20 17:04:01,STATE_CHANGE,-1.3138581,36.9152761,Kenya,2026-04-20 17:04:01
bs0056,Green,Amber,2026-04-20 17:10:01,STATE_CHANGE,-1.2805625,36.7363125,Kenya,2026-04-20 17:10:01
bs0025,Green,Amber,2026-04-20 17:10:01,STATE_CHANGE,-1.217798261,36.89793289,Kenya,2026-04-20 17:10:01
bs0031,Amber,Red,2026-04-20 17:11:01,STATE_CHANGE,-1.293759326,36.85065024,Kenya,2026-04-20 17:11:01
bs0058,Amber,Red,2026-04-20 17:13:01,STATE_CHANGE,-1.263640401,36.76381862,Kenya,2026-04-20 17:13:01
bs0056,Amber,Green,2026-04-20 17:13:01,STATE_CHANGE,-1.2805625,36.7363125,Kenya,2026-04-20 17:13:01
bs0056,Green,Amber,2026-04-20 17:14:01,STATE_CHANGE,-1.2805625,36.7363125,Kenya,2026-04-20 17:14:01
bs0042,Green,Amber,2026-04-20 17:14:01,STATE_CHANGE,-1.3138581,36.9152761,Kenya,2026-04-20 17:14:01
bs0056,Amber,Green,2026-04-20 17:23:01,STATE_CHANGE,-1.2805625,36.7363125,Kenya,2026-04-20 17:23:01
bs0031,Green,Amber,2026-04-20 17:23:01,STATE_CHANGE,-1.293759326,36.85065024,Kenya,2026-04-20 17:23:01
bs0058,Green,Amber,2026-04-20 17:25:01,STATE_CHANGE,-1.263640401,36.76381862,Kenya,2026-04-20 17:25:01
bs0014,Red,Green,2026-04-20 17:25:01,STATE_CHANGE,-1.326784513,36.89444913,Kenya,2026-04-20 17:25:01
bs0056,Green,Amber,2026-04-20 17:26:01,STATE_CHANGE,-1.2805625,36.7363125,Kenya,2026-04-20 17:26:01
bs0025,Red,Green,2026-04-20 17:27:01,STATE_CHANGE,-1.217798261,36.89793289,Kenya,2026-04-20 17:27:01
bs0025,Amber,Red,2026-04-20 17:39:01,STATE_CHANGE,-1.217798261,36.89793289,Kenya,2026-04-20 17:39:01
bs0034,Red,Green,2026-04-20 17:42:01,STATE_CHANGE,-0.4306375,36.9514531,Kenya,2026-04-20 17:42:01
bs0025,Green,Amber,2026-04-20 17:50:01,STATE_CHANGE,-1.217798261,36.89793289,Kenya,2026-04-20 17:50:01
bs0014,Amber,Red,2026-04-20 17:55:02,STATE_CHANGE,-1.326784513,36.89444913,Kenya,2026-04-20 17:55:02
bs0034,Amber,Red,2026-04-20 17:59:01,STATE_CHANGE,-0.4306375,36.9514531,Kenya,2026-04-20 17:59:01
bs0017,Red,Green,2026-04-20 18:03:01,STATE_CHANGE,-1.2667375,36.8456719,Kenya,2026-04-20 18:03:01
bs0014,Green,Amber,2026-04-20 18:06:01,STATE_CHANGE,-1.326784513,36.89444913,Kenya,2026-04-20 18:06:01
bs0025,Red,Green,2026-04-20 18:07:01,STATE_CHANGE,-1.217798261,36.89793289,Kenya,2026-04-20 18:07:01
bs0034,Green,Amber,2026-04-20 18:10:01,STATE_CHANGE,-0.4306375,36.9514531,Kenya,2026-04-20 18:10:01
bs0017,Amber,Red,2026-04-20 18:19:01,STATE_CHANGE,-1.2667375,36.8456719,Kenya,2026-04-20 18:19:01
bs0020,Red,Green,2026-04-20 18:21:01,STATE_CHANGE,-1.1078375,37.0139219,Kenya,2026-04-20 18:21:01
bs0025,Amber,Red,2026-04-20 18:23:01,STATE_CHANGE,-1.217798261,36.89793289,Kenya,2026-04-20 18:23:01
bs0017,Green,Amber,2026-04-20 18:26:01,STATE_CHANGE,-1.2667375,36.8456719,Kenya,2026-04-20 18:26:01
bs0021,Amber,Green,2026-04-20 18:29:01,STATE_CHANGE,-1.2895575,36.7693693,Kenya,2026-04-20 18:29:01
bs0021,Green,Amber,2026-04-20 18:33:02,STATE_CHANGE,-1.2895575,36.7693693,Kenya,2026-04-20 18:33:02
bs0025,Green,Amber,2026-04-20 18:38:01,STATE_CHANGE,-1.217798261,36.89793289,Kenya,2026-04-20 18:38:01
bs0002,Amber,Green,2026-04-20 18:38:01,STATE_CHANGE,0.005700848267,37.07249942,Kenya,2026-04-20 18:38:01
bs0018,Red,Green,2026-04-20 18:43:01,STATE_CHANGE,-1.266064,36.916108,Kenya,2026-04-20 18:43:01
bs0002,Green,Amber,2026-04-20 18:47:01,STATE_CHANGE,0.005700848267,37.07249942,Kenya,2026-04-20 18:47:01
bs0017,Red,Green,2026-04-20 18:48:01,STATE_CHANGE,-1.2667375,36.8456719,Kenya,2026-04-20 18:48:01
bs0017,Amber,Red,2026-04-20 18:55:01,STATE_CHANGE,-1.2667375,36.8456719,Kenya,2026-04-20 18:55:01
bs0018,Amber,Red,2026-04-20 19:00:02,STATE_CHANGE,-1.266064,36.916108,Kenya,2026-04-20 19:00:02
bs0020,Amber,Red,2026-04-20 19:03:01,STATE_CHANGE,-1.1078375,37.0139219,Kenya,2026-04-20 19:03:01
bs0017,Green,Amber,2026-04-20 19:05:01,STATE_CHANGE,-1.2667375,36.8456719,Kenya,2026-04-20 19:05:01
bs0043,Green,Grey,2026-04-20 19:08:01,STATE_CHANGE,-1.24311724,36.88041377,Kenya,2026-04-20 19:08:01
bs0018,Green,Amber,2026-04-20 19:09:01,STATE_CHANGE,-1.266064,36.916108,Kenya,2026-04-20 19:09:01
bs0018,Amber,Green,2026-04-20 19:11:01,STATE_CHANGE,-1.266064,36.916108,Kenya,2026-04-20 19:11:01
bs0014,Red,Green,2026-04-20 19:14:01,STATE_CHANGE,-1.326784513,36.89444913,Kenya,2026-04-20 19:14:01
bs0020,Green,Amber,2026-04-20 19:20:01,STATE_CHANGE,-1.1078375,37.0139219,Kenya,2026-04-20 19:20:01
bs0018,Green,Amber,2026-04-20 19:25:01,STATE_CHANGE,-1.266064,36.916108,Kenya,2026-04-20 19:25:01
bs0020,Grey,Green,2026-04-20 19:26:01,STATE_CHANGE,-1.1078375,37.0139219,Kenya,2026-04-20 19:26:01
bs0008,Amber,Green,2026-04-20 19:33:01,STATE_CHANGE,-1.264197845,36.80534064,Kenya,2026-04-20 19:33:01
bs0008,Green,Amber,2026-04-20 19:36:01,STATE_CHANGE,-1.264197845,36.80534064,Kenya,2026-04-20 19:36:01
bs0014,Amber,Red,2026-04-20 19:48:02,STATE_CHANGE,-1.326784513,36.89444913,Kenya,2026-04-20 19:48:02
bs0014,Green,Amber,2026-04-20 20:03:01,STATE_CHANGE,-1.326784513,36.89444913,Kenya,2026-04-20 20:03:01
bs0014,Red,Green,2026-04-20 20:06:01,STATE_CHANGE,-1.326784513,36.89444913,Kenya,2026-04-20 20:06:01
bs0054,Red,Green,2026-04-20 20:11:01,STATE_CHANGE,-1.400266,36.9439122,Kenya,2026-04-20 20:11:01
bs0014,Green,Red,2026-04-20 20:11:01,STATE_CHANGE,-1.326784513,36.89444913,Kenya,2026-04-20 20:11:01
bs0043,Grey,Green,2026-04-20 20:13:01,STATE_CHANGE,-1.24311724,36.88041377,Kenya,2026-04-20 20:13:01
bs0034,Red,Green,2026-04-20 20:18:01,STATE_CHANGE,-0.4306375,36.9514531,Kenya,2026-04-20 20:18:01
bs0054,Amber,Red,2026-04-20 20:22:02,STATE_CHANGE,-1.400266,36.9439122,Kenya,2026-04-20 20:22:02
bs0025,Red,Green,2026-04-20 20:23:01,STATE_CHANGE,-1.217798261,36.89793289,Kenya,2026-04-20 20:23:01
bs0054,Green,Amber,2026-04-20 20:32:02,STATE_CHANGE,-1.400266,36.9439122,Kenya,2026-04-20 20:32:02
bs0020,Green,Grey,2026-04-20 20:34:01,STATE_CHANGE,-1.1078375,37.0139219,Kenya,2026-04-20 20:34:01
bs0034,Amber,Red,2026-04-20 20:44:01,STATE_CHANGE,-0.4306375,36.9514531,Kenya,2026-04-20 20:44:01
bs0025,Amber,Red,2026-04-20 20:47:01,STATE_CHANGE,-1.217798261,36.89793289,Kenya,2026-04-20 20:47:01
bs0034,Green,Amber,2026-04-20 20:54:01,STATE_CHANGE,-0.4306375,36.9514531,Kenya,2026-04-20 20:54:01
bs0025,Green,Amber,2026-04-20 21:00:02,STATE_CHANGE,-1.217798261,36.89793289,Kenya,2026-04-20 21:00:02
bs0025,Red,Green,2026-04-20 21:10:01,STATE_CHANGE,-1.217798261,36.89793289,Kenya,2026-04-20 21:10:01
bs0005,Grey,Green,2026-04-20 21:19:02,STATE_CHANGE,0.01487218269,37.07605716,Kenya,2026-04-20 21:19:02
bs0003,Grey,Green,2026-04-20 21:32:01,STATE_CHANGE,0.01330470798,37.07792968,Kenya,2026-04-20 21:32:01
bs0025,Amber,Red,2026-04-20 22:03:01,STATE_CHANGE,-1.217798261,36.89793289,Kenya,2026-04-20 22:03:01
bs0025,Green,Amber,2026-04-20 22:12:01,STATE_CHANGE,-1.217798261,36.89793289,Kenya,2026-04-20 22:12:01
bs0003,Green,Grey,2026-04-20 22:25:01,STATE_CHANGE,0.01330470798,37.07792968,Kenya,2026-04-20 22:25:01
bs0005,Green,Grey,2026-04-20 22:25:01,STATE_CHANGE,0.01487218269,37.07605716,Kenya,2026-04-20 22:25:01
bs0025,Red,Green,2026-04-20 22:48:01,STATE_CHANGE,-1.217798261,36.89793289,Kenya,2026-04-20 22:48:01
bs0025,Amber,Red,2026-04-20 23:06:01,STATE_CHANGE,-1.217798261,36.89793289,Kenya,2026-04-20 23:06:01
bs0025,Green,Amber,2026-04-20 23:17:01,STATE_CHANGE,-1.217798261,36.89793289,Kenya,2026-04-20 23:17:01
bs0059,Grey,Green,2026-04-20 23:44:01,STATE_CHANGE,-1.288639944,36.8023879,Kenya,2026-04-20 23:44:01
bs0020,Grey,Green,2026-04-21 02:09:01,STATE_CHANGE,-1.1078375,37.0139219,Kenya,2026-04-21 02:09:01
bs0025,Red,Green,2026-04-21 04:32:01,STATE_CHANGE,-1.217798261,36.89793289,Kenya,2026-04-21 04:32:01
bs0025,Amber,Red,2026-04-21 04:39:01,STATE_CHANGE,-1.217798261,36.89793289,Kenya,2026-04-21 04:39:01
bs0025,Green,Amber,2026-04-21 04:51:01,STATE_CHANGE,-1.217798261,36.89793289,Kenya,2026-04-21 04:51:01
bs0029,Amber,Green,2026-04-21 05:16:01,STATE_CHANGE,-0.4216641356,36.95238229,Kenya,2026-04-21 05:16:01
bs0029,Green,Amber,2026-04-21 05:22:01,STATE_CHANGE,-0.4216641356,36.95238229,Kenya,2026-04-21 05:22:01
bs0029,Red,Green,2026-04-21 05:23:01,STATE_CHANGE,-0.4216641356,36.95238229,Kenya,2026-04-21 05:23:01
bs0003,Red,Green,2026-04-21 05:23:01,STATE_CHANGE,0.01330470798,37.07792968,Kenya,2026-04-21 05:23:01
bs0005,Red,Green,2026-04-21 05:27:01,STATE_CHANGE,0.01487218269,37.07605716,Kenya,2026-04-21 05:27:01
bs0005,Amber,Red,2026-04-21 05:30:01,STATE_CHANGE,0.01487218269,37.07605716,Kenya,2026-04-21 05:30:01
bs0003,Amber,Red,2026-04-21 05:32:01,STATE_CHANGE,0.01330470798,37.07792968,Kenya,2026-04-21 05:32:01
bs0005,Green,Amber,2026-04-21 05:38:02,STATE_CHANGE,0.01487218269,37.07605716,Kenya,2026-04-21 05:38:02
bs0003,Green,Amber,2026-04-21 05:40:01,STATE_CHANGE,0.01330470798,37.07792968,Kenya,2026-04-21 05:40:01
bs0017,Red,Green,2026-04-21 05:48:01,STATE_CHANGE,-1.2667375,36.8456719,Kenya,2026-04-21 05:48:01
bs0034,Red,Green,2026-04-21 05:52:01,STATE_CHANGE,-0.4306375,36.9514531,Kenya,2026-04-21 05:52:01
bs0029,Amber,Red,2026-04-21 05:54:01,STATE_CHANGE,-0.4216641356,36.95238229,Kenya,2026-04-21 05:54:01
bs0031,Red,Green,2026-04-21 05:56:01,STATE_CHANGE,-1.293759326,36.85065024,Kenya,2026-04-21 05:56:01
bs0059,Green,Grey,2026-04-21 06:01:01,STATE_CHANGE,-1.288639944,36.8023879,Kenya,2026-04-21 06:01:01
bs0029,Green,Amber,2026-04-21 06:03:01,STATE_CHANGE,-0.4216641356,36.95238229,Kenya,2026-04-21 06:03:01
bs0034,Amber,Red,2026-04-21 06:06:01,STATE_CHANGE,-0.4306375,36.9514531,Kenya,2026-04-21 06:06:01
bs0031,Amber,Red,2026-04-21 06:08:01,STATE_CHANGE,-1.293759326,36.85065024,Kenya,2026-04-21 06:08:01
bs0034,Green,Amber,2026-04-21 06:17:01,STATE_CHANGE,-0.4306375,36.9514531,Kenya,2026-04-21 06:17:01
bs0031,Green,Amber,2026-04-21 06:17:01,STATE_CHANGE,-1.293759326,36.85065024,Kenya,2026-04-21 06:17:01
bs0029,Amber,Green,2026-04-21 06:19:01,STATE_CHANGE,-0.4216641356,36.95238229,Kenya,2026-04-21 06:19:01
bs0029,Green,Amber,2026-04-21 06:21:01,STATE_CHANGE,-0.4216641356,36.95238229,Kenya,2026-04-21 06:21:01
bs0029,Red,Green,2026-04-21 06:22:01,STATE_CHANGE,-0.4216641356,36.95238229,Kenya,2026-04-21 06:22:01
bs0025,Red,Green,2026-04-21 06:24:01,STATE_CHANGE,-1.217798261,36.89793289,Kenya,2026-04-21 06:24:01
bs0003,Amber,Green,2026-04-21 06:25:01,STATE_CHANGE,0.01330470798,37.07792968,Kenya,2026-04-21 06:25:01
bs0003,Green,Amber,2026-04-21 06:30:01,STATE_CHANGE,0.01330470798,37.07792968,Kenya,2026-04-21 06:30:01
bs0034,Red,Green,2026-04-21 06:35:01,STATE_CHANGE,-0.4306375,36.9514531,Kenya,2026-04-21 06:35:01
bs0024,Red,Green,2026-04-21 06:35:01,STATE_CHANGE,-1.2980556,36.8183333,Kenya,2026-04-21 06:35:01
bs0017,Amber,Red,2026-04-21 06:37:01,STATE_CHANGE,-1.2667375,36.8456719,Kenya,2026-04-21 06:37:01
bs0006,Red,Green,2026-04-21 06:39:01,STATE_CHANGE,-0.4202788249,36.95064471,Kenya,2026-04-21 06:39:01
bs0034,Amber,Red,2026-04-21 06:40:01,STATE_CHANGE,-0.4306375,36.9514531,Kenya,2026-04-21 06:40:01
bs0029,Amber,Red,2026-04-21 06:41:01,STATE_CHANGE,-0.4216641356,36.95238229,Kenya,2026-04-21 06:41:01
bs0017,Red,Amber,2026-04-21 06:41:01,STATE_CHANGE,-1.2667375,36.8456719,Kenya,2026-04-21 06:41:01
bs0017,Green,Red,2026-04-21 06:47:01,STATE_CHANGE,-1.2667375,36.8456719,Kenya,2026-04-21 06:47:01
bs0034,Green,Amber,2026-04-21 06:48:01,STATE_CHANGE,-0.4306375,36.9514531,Kenya,2026-04-21 06:48:01
bs0029,Green,Amber,2026-04-21 06:56:01,STATE_CHANGE,-0.4216641356,36.95238229,Kenya,2026-04-21 06:56:01
bs0025,Amber,Red,2026-04-21 07:00:01,STATE_CHANGE,-1.217798261,36.89793289,Kenya,2026-04-21 07:00:01
bs0024,Amber,Red,2026-04-21 07:00:01,STATE_CHANGE,-1.2980556,36.8183333,Kenya,2026-04-21 07:00:01
bs0020,Green,Grey,2026-04-21 07:04:01,STATE_CHANGE,-1.1078375,37.0139219,Kenya,2026-04-21 07:04:01
bs0024,Green,Amber,2026-04-21 07:08:01,STATE_CHANGE,-1.2980556,36.8183333,Kenya,2026-04-21 07:08:01
bs0025,Green,Amber,2026-04-21 07:09:01,STATE_CHANGE,-1.217798261,36.89793289,Kenya,2026-04-21 07:09:01
bs0025,Red,Green,2026-04-21 07:10:01,STATE_CHANGE,-1.217798261,36.89793289,Kenya,2026-04-21 07:10:01
bs0024,Amber,Green,2026-04-21 07:10:01,STATE_CHANGE,-1.2980556,36.8183333,Kenya,2026-04-21 07:10:01
bs0005,Red,Green,2026-04-21 07:14:01,STATE_CHANGE,0.01487218269,37.07605716,Kenya,2026-04-21 07:14:01
bs0006,Amber,Red,2026-04-21 07:14:01,STATE_CHANGE,-0.4202788249,36.95064471,Kenya,2026-04-21 07:14:01
bs0024,Green,Amber,2026-04-21 07:16:01,STATE_CHANGE,-1.2980556,36.8183333,Kenya,2026-04-21 07:16:01
bs0025,Amber,Red,2026-04-21 07:19:01,STATE_CHANGE,-1.217798261,36.89793289,Kenya,2026-04-21 07:19:01
bs0059,Grey,Green,2026-04-21 07:19:01,STATE_CHANGE,-1.288639944,36.8023879,Kenya,2026-04-21 07:19:01
bs0005,Amber,Red,2026-04-21 07:20:01,STATE_CHANGE,0.01487218269,37.07605716,Kenya,2026-04-21 07:20:01
bs0006,Green,Amber,2026-04-21 07:24:01,STATE_CHANGE,-0.4202788249,36.95064471,Kenya,2026-04-21 07:24:01
bs0006,Red,Green,2026-04-21 07:25:01,STATE_CHANGE,-0.4202788249,36.95064471,Kenya,2026-04-21 07:25:01
bs0059,Green,Grey,2026-04-21 07:27:01,STATE_CHANGE,-1.288639944,36.8023879,Kenya,2026-04-21 07:27:01
bs0006,Amber,Red,2026-04-21 07:29:02,STATE_CHANGE,-0.4202788249,36.95064471,Kenya,2026-04-21 07:29:02
bs0002,Red,Green,2026-04-21 07:29:02,STATE_CHANGE,0.005700848267,37.07249942,Kenya,2026-04-21 07:29:02
bs0025,Green,Amber,2026-04-21 07:30:01,STATE_CHANGE,-1.217798261,36.89793289,Kenya,2026-04-21 07:30:01
bs0005,Green,Amber,2026-04-21 07:31:01,STATE_CHANGE,0.01487218269,37.07605716,Kenya,2026-04-21 07:31:01
bs0064,Red,Green,2026-04-21 07:40:01,STATE_CHANGE,-1.1674531,36.9638317,Kenya,2026-04-21 07:40:01
bs0029,Amber,Green,2026-04-21 07:43:01,STATE_CHANGE,-0.4216641356,36.95238229,Kenya,2026-04-21 07:43:01
bs0006,Green,Amber,2026-04-21 07:43:01,STATE_CHANGE,-0.4202788249,36.95064471,Kenya,2026-04-21 07:43:01
bs0002,Amber,Red,2026-04-21 07:46:01,STATE_CHANGE,0.005700848267,37.07249942,Kenya,2026-04-21 07:46:01
bs0029,Green,Amber,2026-04-21 07:47:01,STATE_CHANGE,-0.4216641356,36.95238229,Kenya,2026-04-21 07:47:01
bs0002,Green,Amber,2026-04-21 07:54:01,STATE_CHANGE,0.005700848267,37.07249942,Kenya,2026-04-21 07:54:01
bs0002,Red,Green,2026-04-21 08:01:01,STATE_CHANGE,0.005700848267,37.07249942,Kenya,2026-04-21 08:01:01
bs0029,Amber,Green,2026-04-21 08:05:01,STATE_CHANGE,-0.4216641356,36.95238229,Kenya,2026-04-21 08:05:01
bs0054,Red,Green,2026-04-21 08:06:01,STATE_CHANGE,-1.400266,36.9439122,Kenya,2026-04-21 08:06:01
bs0029,Green,Amber,2026-04-21 08:14:01,STATE_CHANGE,-0.4216641356,36.95238229,Kenya,2026-04-21 08:14:01
bs0002,Amber,Red,2026-04-21 08:14:01,STATE_CHANGE,0.005700848267,37.07249942,Kenya,2026-04-21 08:14:01
bs0054,Amber,Red,2026-04-21 08:15:01,STATE_CHANGE,-1.400266,36.9439122,Kenya,2026-04-21 08:15:01
bs0054,Green,Amber,2026-04-21 08:22:01,STATE_CHANGE,-1.400266,36.9439122,Kenya,2026-04-21 08:22:01
bs0064,Amber,Red,2026-04-21 08:23:01,STATE_CHANGE,-1.1674531,36.9638317,Kenya,2026-04-21 08:23:01
bs0002,Green,Amber,2026-04-21 08:23:01,STATE_CHANGE,0.005700848267,37.07249942,Kenya,2026-04-21 08:23:01
bs0064,Green,Amber,2026-04-21 08:32:01,STATE_CHANGE,-1.1674531,36.9638317,Kenya,2026-04-21 08:32:01
bs0059,Grey,Green,2026-04-21 08:32:01,STATE_CHANGE,-1.288639944,36.8023879,Kenya,2026-04-21 08:32:01
bs0030,Red,Green,2026-04-21 08:35:01,STATE_CHANGE,-1.32456511,36.79599158,Kenya,2026-04-21 08:35:01
bs0007,Amber,Green,2026-04-21 08:47:01,STATE_CHANGE,-1.293519818,36.76162793,Kenya,2026-04-21 08:47:01
bs0007,Green,Amber,2026-04-21 08:48:01,STATE_CHANGE,-1.293519818,36.76162793,Kenya,2026-04-21 08:48:01
bs0008,Red,Green,2026-04-21 08:56:02,STATE_CHANGE,-1.264197845,36.80534064,Kenya,2026-04-21 08:56:02
bs0030,Amber,Red,2026-04-21 09:04:01,STATE_CHANGE,-1.32456511,36.79599158,Kenya,2026-04-21 09:04:01
bs0048,Red,Green,2026-04-21 09:04:01,STATE_CHANGE,-1.294223033,36.80532385,Kenya,2026-04-21 09:04:01
bs0030,Green,Amber,2026-04-21 09:11:01,STATE_CHANGE,-1.32456511,36.79599158,Kenya,2026-04-21 09:11:01
bs0008,Amber,Red,2026-04-21 09:20:01,STATE_CHANGE,-1.264197845,36.80534064,Kenya,2026-04-21 09:20:01
bs0008,Green,Amber,2026-04-21 09:30:01,STATE_CHANGE,-1.264197845,36.80534064,Kenya,2026-04-21 09:30:01
bs0009,Red,Green,2026-04-21 09:43:01,STATE_CHANGE,-1.16363732,36.95419159,Kenya,2026-04-21 09:43:01
bs0048,Amber,Red,2026-04-21 09:49:01,STATE_CHANGE,-1.294223033,36.80532385,Kenya,2026-04-21 09:49:01
bs0017,Red,Green,2026-04-21 09:52:01,STATE_CHANGE,-1.2667375,36.8456719,Kenya,2026-04-21 09:52:01
bs0009,Amber,Red,2026-04-21 09:54:01,STATE_CHANGE,-1.16363732,36.95419159,Kenya,2026-04-21 09:54:01
bs0048,Green,Amber,2026-04-21 09:54:01,STATE_CHANGE,-1.294223033,36.80532385,Kenya,2026-04-21 09:54:01
bs0043,Green,Grey,2026-04-21 10:02:01,STATE_CHANGE,-1.24311724,36.88041377,Kenya,2026-04-21 10:02:01
bs0030,Red,Green,2026-04-21 10:07:01,STATE_CHANGE,-1.32456511,36.79599158,Kenya,2026-04-21 10:07:01
bs0025,Amber,Green,2026-04-21 10:07:01,STATE_CHANGE,-1.217798261,36.89793289,Kenya,2026-04-21 10:07:01
bs0009,Green,Amber,2026-04-21 10:07:01,STATE_CHANGE,-1.16363732,36.95419159,Kenya,2026-04-21 10:07:01
bs0030,Amber,Red,2026-04-21 10:08:01,STATE_CHANGE,-1.32456511,36.79599158,Kenya,2026-04-21 10:08:01
bs0025,Green,Amber,2026-04-21 10:10:01,STATE_CHANGE,-1.217798261,36.89793289,Kenya,2026-04-21 10:10:01
bs0025,Red,Green,2026-04-21 10:14:01,STATE_CHANGE,-1.217798261,36.89793289,Kenya,2026-04-21 10:14:01
bs0043,Red,Green,2026-04-21 10:15:01,STATE_CHANGE,-1.24311724,36.88041377,Kenya,2026-04-21 10:15:01
bs0030,Green,Amber,2026-04-21 10:16:01,STATE_CHANGE,-1.32456511,36.79599158,Kenya,2026-04-21 10:16:01
bs0017,Amber,Red,2026-04-21 10:34:01,STATE_CHANGE,-1.2667375,36.8456719,Kenya,2026-04-21 10:34:01
bs0007,Red,Green,2026-04-21 10:34:01,STATE_CHANGE,-1.293519818,36.76162793,Kenya,2026-04-21 10:34:01
bs0064,Red,Green,2026-04-21 10:36:02,STATE_CHANGE,-1.1674531,36.9638317,Kenya,2026-04-21 10:36:02
bs0037,Red,Green,2026-04-21 10:39:01,STATE_CHANGE,-1.2069637,36.7833023,Kenya,2026-04-21 10:39:01
bs0043,Amber,Red,2026-04-21 10:39:01,STATE_CHANGE,-1.24311724,36.88041377,Kenya,2026-04-21 10:39:01
bs0037,Amber,Red,2026-04-21 10:42:01,STATE_CHANGE,-1.2069637,36.7833023,Kenya,2026-04-21 10:42:01
bs0017,Green,Amber,2026-04-21 10:43:01,STATE_CHANGE,-1.2667375,36.8456719,Kenya,2026-04-21 10:43:01
bs0017,Amber,Green,2026-04-21 10:45:01,STATE_CHANGE,-1.2667375,36.8456719,Kenya,2026-04-21 10:45:01
bs0007,Amber,Red,2026-04-21 10:47:01,STATE_CHANGE,-1.293519818,36.76162793,Kenya,2026-04-21 10:47:01
bs0064,Amber,Red,2026-04-21 10:48:01,STATE_CHANGE,-1.1674531,36.9638317,Kenya,2026-04-21 10:48:01
bs0025,Amber,Red,2026-04-21 10:48:01,STATE_CHANGE,-1.217798261,36.89793289,Kenya,2026-04-21 10:48:01
bs0037,Green,Amber,2026-04-21 10:50:01,STATE_CHANGE,-1.2069637,36.7833023,Kenya,2026-04-21 10:50:01
bs0024,Amber,Green,2026-04-21 10:50:01,STATE_CHANGE,-1.2980556,36.8183333,Kenya,2026-04-21 10:50:01
bs0064,Green,Amber,2026-04-21 10:52:01,STATE_CHANGE,-1.1674531,36.9638317,Kenya,2026-04-21 10:52:01
bs0007,Green,Amber,2026-04-21 10:53:01,STATE_CHANGE,-1.293519818,36.76162793,Kenya,2026-04-21 10:53:01
bs0043,Green,Amber,2026-04-21 10:54:01,STATE_CHANGE,-1.24311724,36.88041377,Kenya,2026-04-21 10:54:01
bs0048,Red,Green,2026-04-21 10:56:01,STATE_CHANGE,-1.294223033,36.80532385,Kenya,2026-04-21 10:56:01
bs0053,Amber,Green,2026-04-21 10:57:01,STATE_CHANGE,-1.3006111,36.8250278,Kenya,2026-04-21 10:57:01
bs0017,Green,Amber,2026-04-21 10:57:01,STATE_CHANGE,-1.2667375,36.8456719,Kenya,2026-04-21 10:57:01
bs0024,Green,Amber,2026-04-21 10:57:01,STATE_CHANGE,-1.2980556,36.8183333,Kenya,2026-04-21 10:57:01
bs0025,Green,Amber,2026-04-21 10:58:01,STATE_CHANGE,-1.217798261,36.89793289,Kenya,2026-04-21 10:58:01
bs0064,Red,Green,2026-04-21 10:59:01,STATE_CHANGE,-1.1674531,36.9638317,Kenya,2026-04-21 10:59:01
bs0053,Green,Amber,2026-04-21 11:00:02,STATE_CHANGE,-1.3006111,36.8250278,Kenya,2026-04-21 11:00:02
bs0048,Amber,Red,2026-04-21 11:03:01,STATE_CHANGE,-1.294223033,36.80532385,Kenya,2026-04-21 11:03:01
bs0059,Green,Grey,2026-04-21 11:11:01,STATE_CHANGE,-1.288639944,36.8023879,Kenya,2026-04-21 11:11:01
bs0048,Green,Amber,2026-04-21 11:12:01,STATE_CHANGE,-1.294223033,36.80532385,Kenya,2026-04-21 11:12:01
bs0053,Red,Green,2026-04-21 11:16:01,STATE_CHANGE,-1.3006111,36.8250278,Kenya,2026-04-21 11:16:01
bs0043,Red,Green,2026-04-21 11:17:01,STATE_CHANGE,-1.24311724,36.88041377,Kenya,2026-04-21 11:17:01
bs0010,Red,Green,2026-04-21 11:20:01,STATE_CHANGE,-1.040930573,37.07211436,Kenya,2026-04-21 11:20:01
bs0064,Amber,Red,2026-04-21 11:24:01,STATE_CHANGE,-1.1674531,36.9638317,Kenya,2026-04-21 11:24:01
bs0053,Amber,Red,2026-04-21 11:25:01,STATE_CHANGE,-1.3006111,36.8250278,Kenya,2026-04-21 11:25:01
bs0043,Amber,Red,2026-04-21 11:25:01,STATE_CHANGE,-1.24311724,36.88041377,Kenya,2026-04-21 11:25:01
bs0036,Red,Green,2026-04-21 11:27:01,STATE_CHANGE,-1.3965625,36.7434375,Kenya,2026-04-21 11:27:01
bs0024,Red,Green,2026-04-21 11:29:02,STATE_CHANGE,-1.2980556,36.8183333,Kenya,2026-04-21 11:29:02
bs0064,Green,Amber,2026-04-21 11:35:01,STATE_CHANGE,-1.1674531,36.9638317,Kenya,2026-04-21 11:35:01
bs0033,Red,Green,2026-04-21 11:35:01,STATE_CHANGE,-1.2983013,36.7832031,Kenya,2026-04-21 11:35:01
bs0010,Amber,Red,2026-04-21 11:36:01,STATE_CHANGE,-1.040930573,37.07211436,Kenya,2026-04-21 11:36:01
bs0053,Green,Amber,2026-04-21 11:40:01,STATE_CHANGE,-1.3006111,36.8250278,Kenya,2026-04-21 11:40:01
bs0043,Green,Amber,2026-04-21 11:40:01,STATE_CHANGE,-1.24311724,36.88041377,Kenya,2026-04-21 11:40:01
bs0024,Amber,Red,2026-04-21 11:42:01,STATE_CHANGE,-1.2980556,36.8183333,Kenya,2026-04-21 11:42:01
bs0033,Amber,Red,2026-04-21 11:43:01,STATE_CHANGE,-1.2983013,36.7832031,Kenya,2026-04-21 11:43:01
bs0035,Amber,Green,2026-04-21 11:46:01,STATE_CHANGE,-1.3064295,36.8882947,Kenya,2026-04-21 11:46:01
bs0016,Amber,Green,2026-04-21 11:46:01,STATE_CHANGE,,,Unknown,2026-04-21 11:46:01
bs0010,Green,Amber,2026-04-21 11:47:01,STATE_CHANGE,-1.040930573,37.07211436,Kenya,2026-04-21 11:47:01
bs0016,Green,Amber,2026-04-21 11:47:01,STATE_CHANGE,,,Unknown,2026-04-21 11:47:01
bs0043,Amber,Green,2026-04-21 11:48:01,STATE_CHANGE,-1.24311724,36.88041377,Kenya,2026-04-21 11:48:01
bs0035,Green,Amber,2026-04-21 11:49:01,STATE_CHANGE,-1.3064295,36.8882947,Kenya,2026-04-21 11:49:01
bs0033,Green,Amber,2026-04-21 11:50:01,STATE_CHANGE,-1.2983013,36.7832031,Kenya,2026-04-21 11:50:01
bs0064,Red,Green,2026-04-21 11:53:01,STATE_CHANGE,-1.1674531,36.9638317,Kenya,2026-04-21 11:53:01
bs0024,Green,Amber,2026-04-21 11:53:01,STATE_CHANGE,-1.2980556,36.8183333,Kenya,2026-04-21 11:53:01
bs0037,Red,Green,2026-04-21 11:55:01,STATE_CHANGE,-1.2069637,36.7833023,Kenya,2026-04-21 11:55:01
bs0035,Red,Green,2026-04-21 11:58:01,STATE_CHANGE,-1.3064295,36.8882947,Kenya,2026-04-21 11:58:01
bs0043,Green,Amber,2026-04-21 12:02:01,STATE_CHANGE,-1.24311724,36.88041377,Kenya,2026-04-21 12:02:01
bs0064,Amber,Red,2026-04-21 12:06:01,STATE_CHANGE,-1.1674531,36.9638317,Kenya,2026-04-21 12:06:01
bs0043,Red,Green,2026-04-21 12:08:01,STATE_CHANGE,-1.24311724,36.88041377,Kenya,2026-04-21 12:08:01
bs0043,Amber,Red,2026-04-21 12:12:02,STATE_CHANGE,-1.24311724,36.88041377,Kenya,2026-04-21 12:12:02
bs0035,Amber,Red,2026-04-21 12:13:01,STATE_CHANGE,-1.3064295,36.8882947,Kenya,2026-04-21 12:13:01
bs0064,Green,Amber,2026-04-21 12:15:01,STATE_CHANGE,-1.1674531,36.9638317,Kenya,2026-04-21 12:15:01
bs0065,Red,Green,2026-04-21 12:17:01,STATE_CHANGE,-1.341161382,36.75036256,Kenya,2026-04-21 12:17:01
bs0035,Green,Amber,2026-04-21 12:19:01,STATE_CHANGE,-1.3064295,36.8882947,Kenya,2026-04-21 12:19:01
bs0053,Amber,Green,2026-04-21 12:20:01,STATE_CHANGE,-1.3006111,36.8250278,Kenya,2026-04-21 12:20:01
bs0065,Amber,Red,2026-04-21 12:21:01,STATE_CHANGE,-1.341161382,36.75036256,Kenya,2026-04-21 12:21:01
bs0053,Grey,Amber,2026-04-21 12:21:01,STATE_CHANGE,-1.3006111,36.8250278,Kenya,2026-04-21 12:21:01
bs0035,Red,Green,2026-04-21 12:22:01,STATE_CHANGE,-1.3064295,36.8882947,Kenya,2026-04-21 12:22:01
bs0036,Amber,Red,2026-04-21 12:23:01,STATE_CHANGE,-1.3965625,36.7434375,Kenya,2026-04-21 12:23:01
bs0043,Green,Amber,2026-04-21 12:27:01,STATE_CHANGE,-1.24311724,36.88041377,Kenya,2026-04-21 12:27:01
bs0035,Amber,Red,2026-04-21 12:29:01,STATE_CHANGE,-1.3064295,36.8882947,Kenya,2026-04-21 12:29:01
bs0036,Grey,Amber,2026-04-21 12:32:01,STATE_CHANGE,-1.3965625,36.7434375,Kenya,2026-04-21 12:32:01
bs0043,Red,Green,2026-04-21 12:32:01,STATE_CHANGE,-1.24311724,36.88041377,Kenya,2026-04-21 12:32:01
bs0065,Green,Amber,2026-04-21 12:33:02,STATE_CHANGE,-1.341161382,36.75036256,Kenya,2026-04-21 12:33:02
bs0043,Amber,Red,2026-04-21 12:37:01,STATE_CHANGE,-1.24311724,36.88041377,Kenya,2026-04-21 12:37:01
bs0030,Red,Green,2026-04-21 12:40:01,STATE_CHANGE,-1.32456511,36.79599158,Kenya,2026-04-21 12:40:01
bs0035,Green,Amber,2026-04-21 12:43:01,STATE_CHANGE,-1.3064295,36.8882947,Kenya,2026-04-21 12:43:01
bs0033,Amber,Green,2026-04-21 12:48:01,STATE_CHANGE,-1.2983013,36.7832031,Kenya,2026-04-21 12:48:01
bs0035,Red,Green,2026-04-21 12:49:01,STATE_CHANGE,-1.3064295,36.8882947,Kenya,2026-04-21 12:49:01
bs0036,Green,Grey,2026-04-21 12:49:01,STATE_CHANGE,-1.3965625,36.7434375,Kenya,2026-04-21 12:49:01
bs0043,Green,Amber,2026-04-21 12:52:01,STATE_CHANGE,-1.24311724,36.88041377,Kenya,2026-04-21 12:52:01
bs0037,Amber,Red,2026-04-21 12:53:01,STATE_CHANGE,-1.2069637,36.7833023,Kenya,2026-04-21 12:53:01
bs0044,Red,Green,2026-04-21 12:54:01,STATE_CHANGE,-1.2120625,36.8720625,Kenya,2026-04-21 12:54:01
bs0017,Red,Green,2026-04-21 12:55:01,STATE_CHANGE,-1.2667375,36.8456719,Kenya,2026-04-21 12:55:01
bs0033,Green,Amber,2026-04-21 12:56:01,STATE_CHANGE,-1.2983013,36.7832031,Kenya,2026-04-21 12:56:01
bs0037,Red,Amber,2026-04-21 12:56:01,STATE_CHANGE,-1.2069637,36.7833023,Kenya,2026-04-21 12:56:01
bs0037,Amber,Red,2026-04-21 12:57:01,STATE_CHANGE,-1.2069637,36.7833023,Kenya,2026-04-21 12:57:01
bs0043,Red,Green,2026-04-21 12:57:01,STATE_CHANGE,-1.24311724,36.88041377,Kenya,2026-04-21 12:57:01
bs0044,Amber,Red,2026-04-21 12:59:02,STATE_CHANGE,-1.2120625,36.8720625,Kenya,2026-04-21 12:59:02
bs0043,Amber,Red,2026-04-21 12:59:02,STATE_CHANGE,-1.24311724,36.88041377,Kenya,2026-04-21 12:59:02
bs0037,Green,Amber,2026-04-21 13:00:01,STATE_CHANGE,-1.2069637,36.7833023,Kenya,2026-04-21 13:00:01
bs0035,Amber,Red,2026-04-21 13:01:01,STATE_CHANGE,-1.3064295,36.8882947,Kenya,2026-04-21 13:01:01
bs0033,Red,Green,2026-04-21 13:03:01,STATE_CHANGE,-1.2983013,36.7832031,Kenya,2026-04-21 13:03:01
bs0014,Amber,Green,2026-04-21 13:05:01,STATE_CHANGE,-1.326784513,36.89444913,Kenya,2026-04-21 13:05:01
bs0035,Green,Amber,2026-04-21 13:09:01,STATE_CHANGE,-1.3064295,36.8882947,Kenya,2026-04-21 13:09:01
bs0044,Green,Amber,2026-04-21 13:09:01,STATE_CHANGE,-1.2120625,36.8720625,Kenya,2026-04-21 13:09:01
bs0030,Amber,Red,2026-04-21 13:10:01,STATE_CHANGE,-1.32456511,36.79599158,Kenya,2026-04-21 13:10:01
bs0014,Green,Amber,2026-04-21 13:12:01,STATE_CHANGE,-1.326784513,36.89444913,Kenya,2026-04-21 13:12:01
bs0043,Green,Amber,2026-04-21 13:13:01,STATE_CHANGE,-1.24311724,36.88041377,Kenya,2026-04-21 13:13:01
bs0053,Green,Grey,2026-04-21 13:18:01,STATE_CHANGE,-1.3006111,36.8250278,Kenya,2026-04-21 13:18:01
bs0025,Red,Green,2026-04-21 13:19:01,STATE_CHANGE,-1.217798261,36.89793289,Kenya,2026-04-21 13:19:01
bs0014,Red,Green,2026-04-21 13:20:02,STATE_CHANGE,-1.326784513,36.89444913,Kenya,2026-04-21 13:20:02
bs0027,Red,Green,2026-04-21 13:20:02,STATE_CHANGE,-1.2642052,36.80537588,Kenya,2026-04-21 13:20:02
bs0043,Red,Green,2026-04-21 13:21:01,STATE_CHANGE,-1.24311724,36.88041377,Kenya,2026-04-21 13:21:01
bs0030,Green,Amber,2026-04-21 13:23:01,STATE_CHANGE,-1.32456511,36.79599158,Kenya,2026-04-21 13:23:01
bs0053,Red,Green,2026-04-21 13:25:01,STATE_CHANGE,-1.3006111,36.8250278,Kenya,2026-04-21 13:25:01
bs0027,Amber,Red,2026-04-21 13:25:01,STATE_CHANGE,-1.2642052,36.80537588,Kenya,2026-04-21 13:25:01
bs0043,Amber,Red,2026-04-21 13:26:01,STATE_CHANGE,-1.24311724,36.88041377,Kenya,2026-04-21 13:26:01
bs0033,Amber,Red,2026-04-21 13:27:02,STATE_CHANGE,-1.2983013,36.7832031,Kenya,2026-04-21 13:27:02
bs0025,Amber,Red,2026-04-21 13:27:02,STATE_CHANGE,-1.217798261,36.89793289,Kenya,2026-04-21 13:27:02
bs0017,Amber,Red,2026-04-21 13:27:02,STATE_CHANGE,-1.2667375,36.8456719,Kenya,2026-04-21 13:27:02
bs0037,Red,Green,2026-04-21 13:30:01,STATE_CHANGE,-1.2069637,36.7833023,Kenya,2026-04-21 13:30:01
bs0033,Green,Amber,2026-04-21 13:35:02,STATE_CHANGE,-1.2983013,36.7832031,Kenya,2026-04-21 13:35:02
bs0027,Green,Amber,2026-04-21 13:35:02,STATE_CHANGE,-1.2642052,36.80537588,Kenya,2026-04-21 13:35:02
bs0025,Green,Amber,2026-04-21 13:36:01,STATE_CHANGE,-1.217798261,36.89793289,Kenya,2026-04-21 13:36:01
bs0037,Amber,Red,2026-04-21 13:40:01,STATE_CHANGE,-1.2069637,36.7833023,Kenya,2026-04-21 13:40:01
bs0017,Green,Amber,2026-04-21 13:40:01,STATE_CHANGE,-1.2667375,36.8456719,Kenya,2026-04-21 13:40:01
bs0043,Green,Amber,2026-04-21 13:41:01,STATE_CHANGE,-1.24311724,36.88041377,Kenya,2026-04-21 13:41:01
bs0017,Amber,Green,2026-04-21 13:43:01,STATE_CHANGE,-1.2667375,36.8456719,Kenya,2026-04-21 13:43:01
bs0043,Red,Green,2026-04-21 13:43:01,STATE_CHANGE,-1.24311724,36.88041377,Kenya,2026-04-21 13:43:01
bs0041,Red,Green,2026-04-21 13:44:01,STATE_CHANGE,-1.277534452,36.79393909,Kenya,2026-04-21 13:44:01
bs0027,Red,Green,2026-04-21 13:44:01,STATE_CHANGE,-1.2642052,36.80537588,Kenya,2026-04-21 13:44:01
bs0043,Amber,Red,2026-04-21 13:44:01,STATE_CHANGE,-1.24311724,36.88041377,Kenya,2026-04-21 13:44:01
bs0037,Green,Amber,2026-04-21 13:50:01,STATE_CHANGE,-1.2069637,36.7833023,Kenya,2026-04-21 13:50:01
bs0007,Red,Green,2026-04-21 13:50:01,STATE_CHANGE,-1.293519818,36.76162793,Kenya,2026-04-21 13:50:01
bs0053,Amber,Red,2026-04-21 13:53:01,STATE_CHANGE,-1.3006111,36.8250278,Kenya,2026-04-21 13:53:01
bs0017,Green,Amber,2026-04-21 13:54:01,STATE_CHANGE,-1.2667375,36.8456719,Kenya,2026-04-21 13:54:01
bs0014,Amber,Red,2026-04-21 13:57:01,STATE_CHANGE,-1.326784513,36.89444913,Kenya,2026-04-21 13:57:01
bs0043,Green,Amber,2026-04-21 13:59:01,STATE_CHANGE,-1.24311724,36.88041377,Kenya,2026-04-21 13:59:01
bs0041,Amber,Red,2026-04-21 14:02:01,STATE_CHANGE,-1.277534452,36.79393909,Kenya,2026-04-21 14:02:01
bs0053,Green,Amber,2026-04-21 14:03:01,STATE_CHANGE,-1.3006111,36.8250278,Kenya,2026-04-21 14:03:01
bs0014,Green,Amber,2026-04-21 14:04:01,STATE_CHANGE,-1.326784513,36.89444913,Kenya,2026-04-21 14:04:01
bs0043,Red,Green,2026-04-21 14:06:01,STATE_CHANGE,-1.24311724,36.88041377,Kenya,2026-04-21 14:06:01
bs0009,Red,Green,2026-04-21 14:10:01,STATE_CHANGE,-1.16363732,36.95419159,Kenya,2026-04-21 14:10:01
bs0007,Amber,Red,2026-04-21 14:11:01,STATE_CHANGE,-1.293519818,36.76162793,Kenya,2026-04-21 14:11:01
bs0041,Red,Amber,2026-04-21 14:12:01,STATE_CHANGE,-1.277534452,36.79393909,Kenya,2026-04-21 14:12:01
bs0029,Red,Green,2026-04-21 14:13:01,STATE_CHANGE,-0.4216641356,36.95238229,Kenya,2026-04-21 14:13:01
bs0043,Amber,Red,2026-04-21 14:14:01,STATE_CHANGE,-1.24311724,36.88041377,Kenya,2026-04-21 14:14:01
bs0037,Red,Green,2026-04-21 14:17:01,STATE_CHANGE,-1.2069637,36.7833023,Kenya,2026-04-21 14:17:01
bs0027,Amber,Red,2026-04-21 14:18:01,STATE_CHANGE,-1.2642052,36.80537588,Kenya,2026-04-21 14:18:01
bs0052,Red,Green,2026-04-21 14:18:01,STATE_CHANGE,-1.2735002,36.8262477,Kenya,2026-04-21 14:18:01
bs0007,Green,Amber,2026-04-21 14:22:01,STATE_CHANGE,-1.293519818,36.76162793,Kenya,2026-04-21 14:22:01
bs0064,Red,Green,2026-04-21 14:24:01,STATE_CHANGE,-1.1674531,36.9638317,Kenya,2026-04-21 14:24:01
bs0027,Green,Amber,2026-04-21 14:26:01,STATE_CHANGE,-1.2642052,36.80537588,Kenya,2026-04-21 14:26:01
bs0065,Red,Green,2026-04-21 14:27:01,STATE_CHANGE,-1.341161382,36.75036256,Kenya,2026-04-21 14:27:01
bs0037,Amber,Red,2026-04-21 14:27:01,STATE_CHANGE,-1.2069637,36.7833023,Kenya,2026-04-21 14:27:01
bs0029,Amber,Red,2026-04-21 14:28:01,STATE_CHANGE,-0.4216641356,36.95238229,Kenya,2026-04-21 14:28:01
bs0043,Green,Amber,2026-04-21 14:29:01,STATE_CHANGE,-1.24311724,36.88041377,Kenya,2026-04-21 14:29:01
bs0009,Amber,Red,2026-04-21 14:30:02,STATE_CHANGE,-1.16363732,36.95419159,Kenya,2026-04-21 14:30:02
bs0043,Amber,Green,2026-04-21 14:32:01,STATE_CHANGE,-1.24311724,36.88041377,Kenya,2026-04-21 14:32:01
bs0056,Amber,Green,2026-04-21 14:32:01,STATE_CHANGE,-1.2805625,36.7363125,Kenya,2026-04-21 14:32:01
bs0037,Green,Amber,2026-04-21 14:33:01,STATE_CHANGE,-1.2069637,36.7833023,Kenya,2026-04-21 14:33:01
bs0065,Amber,Red,2026-04-21 14:34:01,STATE_CHANGE,-1.341161382,36.75036256,Kenya,2026-04-21 14:34:01
bs0054,Red,Green,2026-04-21 14:38:01,STATE_CHANGE,-1.400266,36.9439122,Kenya,2026-04-21 14:38:01
bs0056,Green,Amber,2026-04-21 14:39:01,STATE_CHANGE,-1.2805625,36.7363125,Kenya,2026-04-21 14:39:01
bs0029,Green,Amber,2026-04-21 14:43:01,STATE_CHANGE,-0.4216641356,36.95238229,Kenya,2026-04-21 14:43:01
bs0041,Amber,Red,2026-04-21 14:44:01,STATE_CHANGE,-1.277534452,36.79393909,Kenya,2026-04-21 14:44:01
bs0043,Green,Amber,2026-04-21 14:44:01,STATE_CHANGE,-1.24311724,36.88041377,Kenya,2026-04-21 14:44:01
bs0009,Green,Amber,2026-04-21 14:45:01,STATE_CHANGE,-1.16363732,36.95419159,Kenya,2026-04-21 14:45:01
bs0065,Green,Amber,2026-04-21 14:47:01,STATE_CHANGE,-1.341161382,36.75036256,Kenya,2026-04-21 14:47:01
bs0003,Amber,Green,2026-04-21 14:47:01,STATE_CHANGE,0.01330470798,37.07792968,Kenya,2026-04-21 14:47:01
bs0052,Amber,Red,2026-04-21 14:50:01,STATE_CHANGE,-1.2735002,36.8262477,Kenya,2026-04-21 14:50:01
bs0003,Green,Amber,2026-04-21 14:52:01,STATE_CHANGE,0.01330470798,37.07792968,Kenya,2026-04-21 14:52:01
bs0043,Red,Green,2026-04-21 14:52:01,STATE_CHANGE,-1.24311724,36.88041377,Kenya,2026-04-21 14:52:01
bs0029,Amber,Green,2026-04-21 14:56:01,STATE_CHANGE,-0.4216641356,36.95238229,Kenya,2026-04-21 14:56:01
bs0064,Amber,Red,2026-04-21 14:56:01,STATE_CHANGE,-1.1674531,36.9638317,Kenya,2026-04-21 14:56:01
bs0041,Green,Amber,2026-04-21 14:57:01,STATE_CHANGE,-1.277534452,36.79393909,Kenya,2026-04-21 14:57:01
bs0052,Green,Amber,2026-04-21 14:59:01,STATE_CHANGE,-1.2735002,36.8262477,Kenya,2026-04-21 14:59:01
bs0043,Amber,Red,2026-04-21 15:01:01,STATE_CHANGE,-1.24311724,36.88041377,Kenya,2026-04-21 15:01:01
bs0029,Green,Amber,2026-04-21 15:05:01,STATE_CHANGE,-0.4216641356,36.95238229,Kenya,2026-04-21 15:05:01
bs0054,Amber,Red,2026-04-21 15:07:01,STATE_CHANGE,-1.400266,36.9439122,Kenya,2026-04-21 15:07:01
bs0064,Green,Amber,2026-04-21 15:08:01,STATE_CHANGE,-1.1674531,36.9638317,Kenya,2026-04-21 15:08:01
bs0054,Red,Amber,2026-04-21 15:09:01,STATE_CHANGE,-1.400266,36.9439122,Kenya,2026-04-21 15:09:01
bs0021,Amber,Green,2026-04-21 15:09:01,STATE_CHANGE,-1.2895575,36.7693693,Kenya,2026-04-21 15:09:01
bs0054,Amber,Red,2026-04-21 15:10:01,STATE_CHANGE,-1.400266,36.9439122,Kenya,2026-04-21 15:10:01
bs0009,Amber,Green,2026-04-21 15:12:01,STATE_CHANGE,-1.16363732,36.95419159,Kenya,2026-04-21 15:12:01
bs0017,Red,Green,2026-04-21 15:14:01,STATE_CHANGE,-1.2667375,36.8456719,Kenya,2026-04-21 15:14:01
bs0021,Green,Amber,2026-04-21 15:15:01,STATE_CHANGE,-1.2895575,36.7693693,Kenya,2026-04-21 15:15:01
bs0043,Green,Amber,2026-04-21 15:16:01,STATE_CHANGE,-1.24311724,36.88041377,Kenya,2026-04-21 15:16:01
bs0054,Green,Amber,2026-04-21 15:20:01,STATE_CHANGE,-1.400266,36.9439122,Kenya,2026-04-21 15:20:01
bs0054,Red,Green,2026-04-21 15:21:01,STATE_CHANGE,-1.400266,36.9439122,Kenya,2026-04-21 15:21:01
bs0020,Amber,Green,2026-04-21 15:23:01,STATE_CHANGE,-1.1078375,37.0139219,Kenya,2026-04-21 15:23:01
bs0009,Green,Amber,2026-04-21 15:26:01,STATE_CHANGE,-1.16363732,36.95419159,Kenya,2026-04-21 15:26:01
bs0020,Green,Amber,2026-04-21 15:32:01,STATE_CHANGE,-1.1078375,37.0139219,Kenya,2026-04-21 15:32:01
bs0054,Amber,Red,2026-04-21 15:37:01,STATE_CHANGE,-1.400266,36.9439122,Kenya,2026-04-21 15:37:01
bs0043,Red,Green,2026-04-21 15:37:01,STATE_CHANGE,-1.24311724,36.88041377,Kenya,2026-04-21 15:37:01
bs0017,Amber,Red,2026-04-21 15:40:02,STATE_CHANGE,-1.2667375,36.8456719,Kenya,2026-04-21 15:40:02
bs0037,Red,Green,2026-04-21 15:45:01,STATE_CHANGE,-1.2069637,36.7833023,Kenya,2026-04-21 15:45:01
bs0018,Red,Green,2026-04-21 15:47:01,STATE_CHANGE,-1.266064,36.916108,Kenya,2026-04-21 15:47:01
bs0043,Amber,Red,2026-04-21 15:48:01,STATE_CHANGE,-1.24311724,36.88041377,Kenya,2026-04-21 15:48:01
bs0017,Green,Amber,2026-04-21 15:50:01,STATE_CHANGE,-1.2667375,36.8456719,Kenya,2026-04-21 15:50:01
bs0054,Green,Amber,2026-04-21 15:51:01,STATE_CHANGE,-1.400266,36.9439122,Kenya,2026-04-21 15:51:01
bs0037,Amber,Red,2026-04-21 15:52:01,STATE_CHANGE,-1.2069637,36.7833023,Kenya,2026-04-21 15:52:01
bs0054,Red,Green,2026-04-21 15:54:01,STATE_CHANGE,-1.400266,36.9439122,Kenya,2026-04-21 15:54:01
bs0044,Red,Green,2026-04-21 15:54:01,STATE_CHANGE,-1.2120625,36.8720625,Kenya,2026-04-21 15:54:01
bs0018,Amber,Red,2026-04-21 16:00:01,STATE_CHANGE,-1.266064,36.916108,Kenya,2026-04-21 16:00:01
bs0031,Red,Green,2026-04-21 16:00:01,STATE_CHANGE,-1.293759326,36.85065024,Kenya,2026-04-21 16:00:01
bs0020,Red,Green,2026-04-21 16:00:01,STATE_CHANGE,-1.1078375,37.0139219,Kenya,2026-04-21 16:00:01
bs0006,Red,Green,2026-04-21 16:01:01,STATE_CHANGE,-0.4202788249,36.95064471,Kenya,2026-04-21 16:01:01
bs0025,Red,Green,2026-04-21 16:02:01,STATE_CHANGE,-1.217798261,36.89793289,Kenya,2026-04-21 16:02:01
bs0037,Green,Amber,2026-04-21 16:02:01,STATE_CHANGE,-1.2069637,36.7833023,Kenya,2026-04-21 16:02:01
bs0008,Red,Green,2026-04-21 16:02:01,STATE_CHANGE,-1.264197845,36.80534064,Kenya,2026-04-21 16:02:01
bs0043,Green,Amber,2026-04-21 16:03:01,STATE_CHANGE,-1.24311724,36.88041377,Kenya,2026-04-21 16:03:01
bs0044,Amber,Red,2026-04-21 16:04:01,STATE_CHANGE,-1.2120625,36.8720625,Kenya,2026-04-21 16:04:01
bs0008,Amber,Red,2026-04-21 16:07:02,STATE_CHANGE,-1.264197845,36.80534064,Kenya,2026-04-21 16:07:02
bs0043,Amber,Green,2026-04-21 16:08:01,STATE_CHANGE,-1.24311724,36.88041377,Kenya,2026-04-21 16:08:01
bs0003,Red,Green,2026-04-21 16:10:01,STATE_CHANGE,0.01330470798,37.07792968,Kenya,2026-04-21 16:10:01
bs0044,Green,Amber,2026-04-21 16:13:01,STATE_CHANGE,-1.2120625,36.8720625,Kenya,2026-04-21 16:13:01
bs0009,Amber,Green,2026-04-21 16:14:01,STATE_CHANGE,-1.16363732,36.95419159,Kenya,2026-04-21 16:14:01
bs0018,Green,Amber,2026-04-21 16:15:01,STATE_CHANGE,-1.266064,36.916108,Kenya,2026-04-21 16:15:01
bs0054,Amber,Red,2026-04-21 16:16:01,STATE_CHANGE,-1.400266,36.9439122,Kenya,2026-04-21 16:16:01
bs0009,Green,Amber,2026-04-21 16:17:01,STATE_CHANGE,-1.16363732,36.95419159,Kenya,2026-04-21 16:17:01
bs0034,Red,Green,2026-04-21 16:18:01,STATE_CHANGE,-0.4306375,36.9514531,Kenya,2026-04-21 16:18:01
bs0008,Green,Amber,2026-04-21 16:18:01,STATE_CHANGE,-1.264197845,36.80534064,Kenya,2026-04-21 16:18:01
bs0043,Green,Amber,2026-04-21 16:19:01,STATE_CHANGE,-1.24311724,36.88041377,Kenya,2026-04-21 16:19:01
bs0020,Amber,Red,2026-04-21 16:19:01,STATE_CHANGE,-1.1078375,37.0139219,Kenya,2026-04-21 16:19:01
bs0006,Amber,Red,2026-04-21 16:20:01,STATE_CHANGE,-0.4202788249,36.95064471,Kenya,2026-04-21 16:20:01
bs0031,Amber,Red,2026-04-21 16:23:01,STATE_CHANGE,-1.293759326,36.85065024,Kenya,2026-04-21 16:23:01
bs0018,Amber,Green,2026-04-21 16:24:01,STATE_CHANGE,-1.266064,36.916108,Kenya,2026-04-21 16:24:01
bs0018,Green,Amber,2026-04-21 16:25:01,STATE_CHANGE,-1.266064,36.916108,Kenya,2026-04-21 16:25:01
bs0054,Green,Amber,2026-04-21 16:26:02,STATE_CHANGE,-1.400266,36.9439122,Kenya,2026-04-21 16:26:02
bs0018,Amber,Green,2026-04-21 16:26:02,STATE_CHANGE,-1.266064,36.916108,Kenya,2026-04-21 16:26:02
bs0025,Amber,Red,2026-04-21 16:29:01,STATE_CHANGE,-1.217798261,36.89793289,Kenya,2026-04-21 16:29:01
bs0006,Green,Amber,2026-04-21 16:29:01,STATE_CHANGE,-0.4202788249,36.95064471,Kenya,2026-04-21 16:29:01
bs0020,Green,Amber,2026-04-21 16:29:01,STATE_CHANGE,-1.1078375,37.0139219,Kenya,2026-04-21 16:29:01
bs0008,Red,Green,2026-04-21 16:34:01,STATE_CHANGE,-1.264197845,36.80534064,Kenya,2026-04-21 16:34:01
bs0031,Green,Amber,2026-04-21 16:34:01,STATE_CHANGE,-1.293759326,36.85065024,Kenya,2026-04-21 16:34:01
bs0003,Amber,Red,2026-04-21 16:36:01,STATE_CHANGE,0.01330470798,37.07792968,Kenya,2026-04-21 16:36:01
bs0061,Red,Green,2026-04-21 16:36:01,STATE_CHANGE,-1.3087667,36.860551,Kenya,2026-04-21 16:36:01
bs0018,Green,Amber,2026-04-21 16:37:01,STATE_CHANGE,-1.266064,36.916108,Kenya,2026-04-21 16:37:01
bs0008,Amber,Red,2026-04-21 16:38:01,STATE_CHANGE,-1.264197845,36.80534064,Kenya,2026-04-21 16:38:01
bs0003,Green,Amber,2026-04-21 16:41:01,STATE_CHANGE,0.01330470798,37.07792968,Kenya,2026-04-21 16:41:01
bs0025,Green,Amber,2026-04-21 16:44:01,STATE_CHANGE,-1.217798261,36.89793289,Kenya,2026-04-21 16:44:01
bs0008,Green,Amber,2026-04-21 16:48:02,STATE_CHANGE,-1.264197845,36.80534064,Kenya,2026-04-21 16:48:02
bs0034,Amber,Red,2026-04-21 16:54:01,STATE_CHANGE,-0.4306375,36.9514531,Kenya,2026-04-21 16:54:01
bs0043,Red,Green,2026-04-21 16:54:01,STATE_CHANGE,-1.24311724,36.88041377,Kenya,2026-04-21 16:54:01
bs0034,Red,Amber,2026-04-21 16:59:01,STATE_CHANGE,-0.4306375,36.9514531,Kenya,2026-04-21 16:59:01
bs0040,Red,Green,2026-04-21 17:00:02,STATE_CHANGE,-1.2659315,36.798076,Kenya,2026-04-21 17:00:02
bs0003,Amber,Green,2026-04-21 17:01:01,STATE_CHANGE,0.01330470798,37.07792968,Kenya,2026-04-21 17:01:01
bs0034,Amber,Red,2026-04-21 17:02:01,STATE_CHANGE,-0.4306375,36.9514531,Kenya,2026-04-21 17:02:01
bs0003,Green,Amber,2026-04-21 17:04:01,STATE_CHANGE,0.01330470798,37.07792968,Kenya,2026-04-21 17:04:01
bs0025,Amber,Green,2026-04-21 17:05:01,STATE_CHANGE,-1.217798261,36.89793289,Kenya,2026-04-21 17:05:01
bs0034,Green,Amber,2026-04-21 17:11:01,STATE_CHANGE,-0.4306375,36.9514531,Kenya,2026-04-21 17:11:01
bs0025,Green,Amber,2026-04-21 17:11:01,STATE_CHANGE,-1.217798261,36.89793289,Kenya,2026-04-21 17:11:01
bs0061,Amber,Red,2026-04-21 17:12:01,STATE_CHANGE,-1.3087667,36.860551,Kenya,2026-04-21 17:12:01
bs0025,Red,Green,2026-04-21 17:13:01,STATE_CHANGE,-1.217798261,36.89793289,Kenya,2026-04-21 17:13:01
bs0043,Amber,Red,2026-04-21 17:13:01,STATE_CHANGE,-1.24311724,36.88041377,Kenya,2026-04-21 17:13:01
bs0021,Red,Green,2026-04-21 17:16:01,STATE_CHANGE,-1.2895575,36.7693693,Kenya,2026-04-21 17:16:01
bs0021,Amber,Red,2026-04-21 17:17:01,STATE_CHANGE,-1.2895575,36.7693693,Kenya,2026-04-21 17:17:01
bs0059,Red,Green,2026-04-21 17:17:01,STATE_CHANGE,-1.288639944,36.8023879,Kenya,2026-04-21 17:17:01
bs0040,Amber,Red,2026-04-21 17:18:01,STATE_CHANGE,-1.2659315,36.798076,Kenya,2026-04-21 17:18:01
bs0029,Red,Green,2026-04-21 17:22:01,STATE_CHANGE,-0.4216641356,36.95238229,Kenya,2026-04-21 17:22:01
bs0061,Green,Amber,2026-04-21 17:22:01,STATE_CHANGE,-1.3087667,36.860551,Kenya,2026-04-21 17:22:01
bs0029,Amber,Red,2026-04-21 17:26:01,STATE_CHANGE,-0.4216641356,36.95238229,Kenya,2026-04-21 17:26:01
bs0043,Green,Amber,2026-04-21 17:28:01,STATE_CHANGE,-1.24311724,36.88041377,Kenya,2026-04-21 17:28:01
bs0040,Green,Amber,2026-04-21 17:29:01,STATE_CHANGE,-1.2659315,36.798076,Kenya,2026-04-21 17:29:01
bs0021,Green,Amber,2026-04-21 17:32:01,STATE_CHANGE,-1.2895575,36.7693693,Kenya,2026-04-21 17:32:01
bs0023,Red,Green,2026-04-21 17:34:01,STATE_CHANGE,-1.215112301,36.89190192,Kenya,2026-04-21 17:34:01
bs0021,Amber,Green,2026-04-21 17:36:01,STATE_CHANGE,-1.2895575,36.7693693,Kenya,2026-04-21 17:36:01
bs0029,Green,Amber,2026-04-21 17:41:01,STATE_CHANGE,-0.4216641356,36.95238229,Kenya,2026-04-21 17:41:01
bs0025,Amber,Red,2026-04-21 17:45:01,STATE_CHANGE,-1.217798261,36.89793289,Kenya,2026-04-21 17:45:01
bs0048,Red,Green,2026-04-21 17:46:01,STATE_CHANGE,-1.294223033,36.80532385,Kenya,2026-04-21 17:46:01
bs0059,Amber,Red,2026-04-21 17:47:01,STATE_CHANGE,-1.288639944,36.8023879,Kenya,2026-04-21 17:47:01
bs0021,Green,Amber,2026-04-21 17:48:01,STATE_CHANGE,-1.2895575,36.7693693,Kenya,2026-04-21 17:48:01
bs0029,Amber,Green,2026-04-21 17:53:01,STATE_CHANGE,-0.4216641356,36.95238229,Kenya,2026-04-21 17:53:01
bs0017,Red,Green,2026-04-21 17:53:01,STATE_CHANGE,-1.2667375,36.8456719,Kenya,2026-04-21 17:53:01
bs0029,Green,Amber,2026-04-21 17:57:01,STATE_CHANGE,-0.4216641356,36.95238229,Kenya,2026-04-21 17:57:01
bs0029,Red,Green,2026-04-21 17:59:01,STATE_CHANGE,-0.4216641356,36.95238229,Kenya,2026-04-21 17:59:01
bs0017,Amber,Red,2026-04-21 17:59:01,STATE_CHANGE,-1.2667375,36.8456719,Kenya,2026-04-21 17:59:01
bs0025,Green,Amber,2026-04-21 18:00:02,STATE_CHANGE,-1.217798261,36.89793289,Kenya,2026-04-21 18:00:02
bs0059,Green,Amber,2026-04-21 18:03:01,STATE_CHANGE,-1.288639944,36.8023879,Kenya,2026-04-21 18:03:01
bs0018,Red,Green,2026-04-21 18:06:01,STATE_CHANGE,-1.266064,36.916108,Kenya,2026-04-21 18:06:01
bs0023,Amber,Red,2026-04-21 18:08:01,STATE_CHANGE,-1.215112301,36.89190192,Kenya,2026-04-21 18:08:01
bs0029,Amber,Red,2026-04-21 18:12:01,STATE_CHANGE,-0.4216641356,36.95238229,Kenya,2026-04-21 18:12:01
bs0048,Amber,Red,2026-04-21 18:13:01,STATE_CHANGE,-1.294223033,36.80532385,Kenya,2026-04-21 18:13:01
bs0017,Green,Amber,2026-04-21 18:14:01,STATE_CHANGE,-1.2667375,36.8456719,Kenya,2026-04-21 18:14:01
bs0064,Red,Green,2026-04-21 18:15:01,STATE_CHANGE,-1.1674531,36.9638317,Kenya,2026-04-21 18:15:01
bs0023,Green,Amber,2026-04-21 18:19:02,STATE_CHANGE,-1.215112301,36.89190192,Kenya,2026-04-21 18:19:02
bs0048,Green,Amber,2026-04-21 18:21:01,STATE_CHANGE,-1.294223033,36.80532385,Kenya,2026-04-21 18:21:01
bs0029,Green,Amber,2026-04-21 18:27:01,STATE_CHANGE,-0.4216641356,36.95238229,Kenya,2026-04-21 18:27:01
bs0025,Red,Green,2026-04-21 18:41:01,STATE_CHANGE,-1.217798261,36.89793289,Kenya,2026-04-21 18:41:01
bs0018,Amber,Red,2026-04-21 18:43:01,STATE_CHANGE,-1.266064,36.916108,Kenya,2026-04-21 18:43:01
bs0017,Red,Green,2026-04-21 18:43:01,STATE_CHANGE,-1.2667375,36.8456719,Kenya,2026-04-21 18:43:01
bs0020,Red,Green,2026-04-21 18:45:01,STATE_CHANGE,-1.1078375,37.0139219,Kenya,2026-04-21 18:45:01
bs0064,Amber,Red,2026-04-21 18:49:01,STATE_CHANGE,-1.1674531,36.9638317,Kenya,2026-04-21 18:49:01
bs0064,Red,Amber,2026-04-21 18:55:01,STATE_CHANGE,-1.1674531,36.9638317,Kenya,2026-04-21 18:55:01
bs0018,Green,Amber,2026-04-21 18:55:01,STATE_CHANGE,-1.266064,36.916108,Kenya,2026-04-21 18:55:01
bs0025,Amber,Red,2026-04-21 18:57:01,STATE_CHANGE,-1.217798261,36.89793289,Kenya,2026-04-21 18:57:01
bs0064,Green,Red,2026-04-21 18:58:01,STATE_CHANGE,-1.1674531,36.9638317,Kenya,2026-04-21 18:58:01
bs0010,Red,Green,2026-04-21 19:00:02,STATE_CHANGE,-1.040930573,37.07211436,Kenya,2026-04-21 19:00:02
bs0025,Green,Amber,2026-04-21 19:07:01,STATE_CHANGE,-1.217798261,36.89793289,Kenya,2026-04-21 19:07:01
bs0020,Amber,Red,2026-04-21 19:14:01,STATE_CHANGE,-1.1078375,37.0139219,Kenya,2026-04-21 19:14:01
bs0017,Amber,Red,2026-04-21 19:21:01,STATE_CHANGE,-1.2667375,36.8456719,Kenya,2026-04-21 19:21:01
bs0020,Green,Amber,2026-04-21 19:22:01,STATE_CHANGE,-1.1078375,37.0139219,Kenya,2026-04-21 19:22:01
bs0020,Red,Green,2026-04-21 19:23:01,STATE_CHANGE,-1.1078375,37.0139219,Kenya,2026-04-21 19:23:01
bs0020,Amber,Red,2026-04-21 19:27:01,STATE_CHANGE,-1.1078375,37.0139219,Kenya,2026-04-21 19:27:01
bs0017,Green,Amber,2026-04-21 19:30:01,STATE_CHANGE,-1.2667375,36.8456719,Kenya,2026-04-21 19:30:01
bs0017,Red,Green,2026-04-21 19:31:01,STATE_CHANGE,-1.2667375,36.8456719,Kenya,2026-04-21 19:31:01
bs0025,Amber,Green,2026-04-21 19:33:01,STATE_CHANGE,-1.217798261,36.89793289,Kenya,2026-04-21 19:33:01
bs0010,Amber,Red,2026-04-21 19:35:01,STATE_CHANGE,-1.040930573,37.07211436,Kenya,2026-04-21 19:35:01
bs0025,Green,Amber,2026-04-21 19:36:01,STATE_CHANGE,-1.217798261,36.89793289,Kenya,2026-04-21 19:36:01
bs0025,Red,Green,2026-04-21 19:37:01,STATE_CHANGE,-1.217798261,36.89793289,Kenya,2026-04-21 19:37:01
bs0017,Amber,Red,2026-04-21 19:37:01,STATE_CHANGE,-1.2667375,36.8456719,Kenya,2026-04-21 19:37:01
bs0020,Green,Amber,2026-04-21 19:38:01,STATE_CHANGE,-1.1078375,37.0139219,Kenya,2026-04-21 19:38:01
bs0010,Green,Amber,2026-04-21 19:43:01,STATE_CHANGE,-1.040930573,37.07211436,Kenya,2026-04-21 19:43:01
bs0009,Amber,Green,2026-04-21 19:47:01,STATE_CHANGE,-1.16363732,36.95419159,Kenya,2026-04-21 19:47:01
bs0017,Green,Amber,2026-04-21 19:50:01,STATE_CHANGE,-1.2667375,36.8456719,Kenya,2026-04-21 19:50:01
bs0021,Red,Green,2026-04-21 19:52:01,STATE_CHANGE,-1.2895575,36.7693693,Kenya,2026-04-21 19:52:01
bs0064,Red,Green,2026-04-21 19:56:02,STATE_CHANGE,-1.1674531,36.9638317,Kenya,2026-04-21 19:56:02
bs0021,Amber,Red,2026-04-21 19:56:02,STATE_CHANGE,-1.2895575,36.7693693,Kenya,2026-04-21 19:56:02
bs0009,Green,Amber,2026-04-21 19:56:02,STATE_CHANGE,-1.16363732,36.95419159,Kenya,2026-04-21 19:56:02
bs0064,Amber,Red,2026-04-21 20:08:01,STATE_CHANGE,-1.1674531,36.9638317,Kenya,2026-04-21 20:08:01
bs0021,Green,Amber,2026-04-21 20:08:01,STATE_CHANGE,-1.2895575,36.7693693,Kenya,2026-04-21 20:08:01
bs0064,Green,Amber,2026-04-21 20:16:01,STATE_CHANGE,-1.1674531,36.9638317,Kenya,2026-04-21 20:16:01
bs0025,Amber,Red,2026-04-21 20:26:02,STATE_CHANGE,-1.217798261,36.89793289,Kenya,2026-04-21 20:26:02
bs0025,Green,Amber,2026-04-21 20:35:01,STATE_CHANGE,-1.217798261,36.89793289,Kenya,2026-04-21 20:35:01
bs0030,Red,Green,2026-04-21 20:42:01,STATE_CHANGE,-1.32456511,36.79599158,Kenya,2026-04-21 20:42:01
bs0030,Amber,Red,2026-04-21 21:01:01,STATE_CHANGE,-1.32456511,36.79599158,Kenya,2026-04-21 21:01:01
bs0030,Green,Amber,2026-04-21 21:10:01,STATE_CHANGE,-1.32456511,36.79599158,Kenya,2026-04-21 21:10:01
bs0025,Red,Green,2026-04-21 21:36:01,STATE_CHANGE,-1.217798261,36.89793289,Kenya,2026-04-21 21:36:01
bs0025,Amber,Red,2026-04-21 22:08:01,STATE_CHANGE,-1.217798261,36.89793289,Kenya,2026-04-21 22:08:01
bs0025,Green,Amber,2026-04-21 22:18:01,STATE_CHANGE,-1.217798261,36.89793289,Kenya,2026-04-21 22:18:01
bs0025,Amber,Green,2026-04-21 22:25:01,STATE_CHANGE,-1.217798261,36.89793289,Kenya,2026-04-21 22:25:01
bs0025,Green,Amber,2026-04-21 22:29:01,STATE_CHANGE,-1.217798261,36.89793289,Kenya,2026-04-21 22:29:01
bs0025,Red,Green,2026-04-22 02:06:01,STATE_CHANGE,-1.217798261,36.89793289,Kenya,2026-04-22 02:06:01
bs0025,Amber,Red,2026-04-22 02:34:01,STATE_CHANGE,-1.217798261,36.89793289,Kenya,2026-04-22 02:34:01
bs0025,Green,Amber,2026-04-22 02:44:01,STATE_CHANGE,-1.217798261,36.89793289,Kenya,2026-04-22 02:44:01
bs0034,Red,Green,2026-04-22 04:17:01,STATE_CHANGE,-0.4306375,36.9514531,Kenya,2026-04-22 04:17:01
bs0009,Red,Green,2026-04-22 04:35:01,STATE_CHANGE,-1.16363732,36.95419159,Kenya,2026-04-22 04:35:01
bs0009,Amber,Red,2026-04-22 04:37:01,STATE_CHANGE,-1.16363732,36.95419159,Kenya,2026-04-22 04:37:01
bs0034,Amber,Red,2026-04-22 04:46:02,STATE_CHANGE,-0.4306375,36.9514531,Kenya,2026-04-22 04:46:02
bs0009,Green,Amber,2026-04-22 04:46:02,STATE_CHANGE,-1.16363732,36.95419159,Kenya,2026-04-22 04:46:02
bs0034,Green,Amber,2026-04-22 04:52:01,STATE_CHANGE,-0.4306375,36.9514531,Kenya,2026-04-22 04:52:01
bs0009,Red,Green,2026-04-22 05:01:01,STATE_CHANGE,-1.16363732,36.95419159,Kenya,2026-04-22 05:01:01
bs0029,Amber,Green,2026-04-22 05:11:01,STATE_CHANGE,-0.4216641356,36.95238229,Kenya,2026-04-22 05:11:01
bs0054,Red,Green,2026-04-22 05:12:01,STATE_CHANGE,-1.400266,36.9439122,Kenya,2026-04-22 05:12:01
bs0049,Red,Green,2026-04-22 05:14:01,STATE_CHANGE,-1.2908848,36.7325891,Kenya,2026-04-22 05:14:01
bs0009,Amber,Red,2026-04-22 05:15:02,STATE_CHANGE,-1.16363732,36.95419159,Kenya,2026-04-22 05:15:02
bs0029,Green,Amber,2026-04-22 05:18:01,STATE_CHANGE,-0.4216641356,36.95238229,Kenya,2026-04-22 05:18:01
bs0009,Green,Amber,2026-04-22 05:24:01,STATE_CHANGE,-1.16363732,36.95419159,Kenya,2026-04-22 05:24:01
bs0009,Red,Green,2026-04-22 05:26:01,STATE_CHANGE,-1.16363732,36.95419159,Kenya,2026-04-22 05:26:01
bs0043,Red,Green,2026-04-22 05:29:01,STATE_CHANGE,-1.24311724,36.88041377,Kenya,2026-04-22 05:29:01
bs0049,Amber,Red,2026-04-22 05:30:02,STATE_CHANGE,-1.2908848,36.7325891,Kenya,2026-04-22 05:30:02
bs0036,Red,Green,2026-04-22 05:33:01,STATE_CHANGE,-1.3965625,36.7434375,Kenya,2026-04-22 05:33:01
bs0029,Red,Green,2026-04-22 05:37:01,STATE_CHANGE,-0.4216641356,36.95238229,Kenya,2026-04-22 05:37:01
bs0049,Green,Amber,2026-04-22 05:39:01,STATE_CHANGE,-1.2908848,36.7325891,Kenya,2026-04-22 05:39:01
bs0009,Amber,Red,2026-04-22 05:52:01,STATE_CHANGE,-1.16363732,36.95419159,Kenya,2026-04-22 05:52:01
bs0043,Amber,Red,2026-04-22 05:55:01,STATE_CHANGE,-1.24311724,36.88041377,Kenya,2026-04-22 05:55:01
bs0048,Red,Green,2026-04-22 05:57:01,STATE_CHANGE,-1.294223033,36.80532385,Kenya,2026-04-22 05:57:01
bs0029,Amber,Red,2026-04-22 05:58:02,STATE_CHANGE,-0.4216641356,36.95238229,Kenya,2026-04-22 05:58:02
bs0054,Amber,Red,2026-04-22 05:58:02,STATE_CHANGE,-1.400266,36.9439122,Kenya,2026-04-22 05:58:02
bs0033,Red,Green,2026-04-22 05:58:02,STATE_CHANGE,-1.2983013,36.7832031,Kenya,2026-04-22 05:58:02
bs0030,Red,Green,2026-04-22 06:03:01,STATE_CHANGE,-1.32456511,36.79599158,Kenya,2026-04-22 06:03:01
bs0054,Green,Amber,2026-04-22 06:05:01,STATE_CHANGE,-1.400266,36.9439122,Kenya,2026-04-22 06:05:01
bs0040,Red,Green,2026-04-22 06:06:01,STATE_CHANGE,-1.2659315,36.798076,Kenya,2026-04-22 06:06:01
bs0033,Amber,Red,2026-04-22 06:07:01,STATE_CHANGE,-1.2983013,36.7832031,Kenya,2026-04-22 06:07:01
bs0009,Green,Amber,2026-04-22 06:07:01,STATE_CHANGE,-1.16363732,36.95419159,Kenya,2026-04-22 06:07:01
bs0003,Red,Green,2026-04-22 06:08:01,STATE_CHANGE,0.01330470798,37.07792968,Kenya,2026-04-22 06:08:01
bs0003,Amber,Red,2026-04-22 06:09:01,STATE_CHANGE,0.01330470798,37.07792968,Kenya,2026-04-22 06:09:01
bs0043,Green,Amber,2026-04-22 06:10:01,STATE_CHANGE,-1.24311724,36.88041377,Kenya,2026-04-22 06:10:01
bs0008,Amber,Green,2026-04-22 06:11:01,STATE_CHANGE,-1.264197845,36.80534064,Kenya,2026-04-22 06:11:01
bs0029,Green,Amber,2026-04-22 06:13:01,STATE_CHANGE,-0.4216641356,36.95238229,Kenya,2026-04-22 06:13:01
bs0033,Green,Amber,2026-04-22 06:13:01,STATE_CHANGE,-1.2983013,36.7832031,Kenya,2026-04-22 06:13:01
bs0043,Red,Green,2026-04-22 06:14:01,STATE_CHANGE,-1.24311724,36.88041377,Kenya,2026-04-22 06:14:01
bs0003,Green,Amber,2026-04-22 06:17:01,STATE_CHANGE,0.01330470798,37.07792968,Kenya,2026-04-22 06:17:01
bs0048,Amber,Red,2026-04-22 06:17:01,STATE_CHANGE,-1.294223033,36.80532385,Kenya,2026-04-22 06:17:01
bs0008,Green,Amber,2026-04-22 06:20:01,STATE_CHANGE,-1.264197845,36.80534064,Kenya,2026-04-22 06:20:01
bs0029,Red,Green,2026-04-22 06:23:01,STATE_CHANGE,-0.4216641356,36.95238229,Kenya,2026-04-22 06:23:01
bs0036,Amber,Red,2026-04-22 06:23:01,STATE_CHANGE,-1.3965625,36.7434375,Kenya,2026-04-22 06:23:01
bs0029,Amber,Red,2026-04-22 06:25:01,STATE_CHANGE,-0.4216641356,36.95238229,Kenya,2026-04-22 06:25:01
bs0048,Green,Amber,2026-04-22 06:26:01,STATE_CHANGE,-1.294223033,36.80532385,Kenya,2026-04-22 06:26:01
bs0036,Green,Amber,2026-04-22 06:30:01,STATE_CHANGE,-1.3965625,36.7434375,Kenya,2026-04-22 06:30:01
bs0029,Green,Amber,2026-04-22 06:31:01,STATE_CHANGE,-0.4216641356,36.95238229,Kenya,2026-04-22 06:31:01
bs0030,Amber,Red,2026-04-22 06:35:01,STATE_CHANGE,-1.32456511,36.79599158,Kenya,2026-04-22 06:35:01
bs0040,Amber,Red,2026-04-22 06:36:01,STATE_CHANGE,-1.2659315,36.798076,Kenya,2026-04-22 06:36:01
bs0043,Amber,Red,2026-04-22 06:40:01,STATE_CHANGE,-1.24311724,36.88041377,Kenya,2026-04-22 06:40:01
bs0030,Green,Amber,2026-04-22 06:41:01,STATE_CHANGE,-1.32456511,36.79599158,Kenya,2026-04-22 06:41:01
bs0040,Green,Amber,2026-04-22 06:44:01,STATE_CHANGE,-1.2659315,36.798076,Kenya,2026-04-22 06:44:01
bs0017,Red,Green,2026-04-22 06:45:01,STATE_CHANGE,-1.2667375,36.8456719,Kenya,2026-04-22 06:45:01
bs0027,Amber,Green,2026-04-22 06:47:02,STATE_CHANGE,-1.2642052,36.80537588,Kenya,2026-04-22 06:47:02
bs0003,Amber,Green,2026-04-22 06:49:01,STATE_CHANGE,0.01330470798,37.07792968,Kenya,2026-04-22 06:49:01
bs0043,Green,Amber,2026-04-22 06:55:01,STATE_CHANGE,-1.24311724,36.88041377,Kenya,2026-04-22 06:55:01
bs0019,Red,Green,2026-04-22 06:56:02,STATE_CHANGE,-1.322193397,36.84449711,Kenya,2026-04-22 06:56:02
bs0003,Green,Amber,2026-04-22 06:56:02,STATE_CHANGE,0.01330470798,37.07792968,Kenya,2026-04-22 06:56:02
bs0027,Green,Amber,2026-04-22 06:56:02,STATE_CHANGE,-1.2642052,36.80537588,Kenya,2026-04-22 06:56:02
bs0010,Red,Green,2026-04-22 06:59:02,STATE_CHANGE,-1.040930573,37.07211436,Kenya,2026-04-22 06:59:02
bs0043,Red,Green,2026-04-22 07:00:02,STATE_CHANGE,-1.24311724,36.88041377,Kenya,2026-04-22 07:00:02
bs0034,Red,Green,2026-04-22 07:05:01,STATE_CHANGE,-0.4306375,36.9514531,Kenya,2026-04-22 07:05:01
bs0052,Amber,Green,2026-04-22 07:08:01,STATE_CHANGE,-1.2735002,36.8262477,Kenya,2026-04-22 07:08:01
bs0019,Amber,Red,2026-04-22 07:09:01,STATE_CHANGE,-1.322193397,36.84449711,Kenya,2026-04-22 07:09:01
bs0010,Amber,Red,2026-04-22 07:12:01,STATE_CHANGE,-1.040930573,37.07211436,Kenya,2026-04-22 07:12:01
bs0052,Green,Amber,2026-04-22 07:12:01,STATE_CHANGE,-1.2735002,36.8262477,Kenya,2026-04-22 07:12:01
bs0019,Green,Amber,2026-04-22 07:19:01,STATE_CHANGE,-1.322193397,36.84449711,Kenya,2026-04-22 07:19:01
bs0003,Red,Green,2026-04-22 07:21:02,STATE_CHANGE,0.01330470798,37.07792968,Kenya,2026-04-22 07:21:02
bs0017,Amber,Red,2026-04-22 07:23:01,STATE_CHANGE,-1.2667375,36.8456719,Kenya,2026-04-22 07:23:01
bs0043,Amber,Red,2026-04-22 07:26:01,STATE_CHANGE,-1.24311724,36.88041377,Kenya,2026-04-22 07:26:01
bs0025,Red,Green,2026-04-22 07:27:01,STATE_CHANGE,-1.217798261,36.89793289,Kenya,2026-04-22 07:27:01
bs0010,Green,Amber,2026-04-22 07:27:01,STATE_CHANGE,-1.040930573,37.07211436,Kenya,2026-04-22 07:27:01
bs0003,Amber,Red,2026-04-22 07:31:01,STATE_CHANGE,0.01330470798,37.07792968,Kenya,2026-04-22 07:31:01
bs0040,Red,Green,2026-04-22 07:32:01,STATE_CHANGE,-1.2659315,36.798076,Kenya,2026-04-22 07:32:01
bs0017,Green,Amber,2026-04-22 07:35:01,STATE_CHANGE,-1.2667375,36.8456719,Kenya,2026-04-22 07:35:01
bs0034,Amber,Red,2026-04-22 07:37:02,STATE_CHANGE,-0.4306375,36.9514531,Kenya,2026-04-22 07:37:02
bs0031,Red,Green,2026-04-22 07:37:02,STATE_CHANGE,-1.293759326,36.85065024,Kenya,2026-04-22 07:37:02
bs0052,Red,Green,2026-04-22 07:37:02,STATE_CHANGE,-1.2735002,36.8262477,Kenya,2026-04-22 07:37:02
bs0003,Green,Amber,2026-04-22 07:40:01,STATE_CHANGE,0.01330470798,37.07792968,Kenya,2026-04-22 07:40:01
bs0031,Amber,Red,2026-04-22 07:40:01,STATE_CHANGE,-1.293759326,36.85065024,Kenya,2026-04-22 07:40:01
bs0040,Amber,Red,2026-04-22 07:41:01,STATE_CHANGE,-1.2659315,36.798076,Kenya,2026-04-22 07:41:01
bs0043,Green,Amber,2026-04-22 07:41:01,STATE_CHANGE,-1.24311724,36.88041377,Kenya,2026-04-22 07:41:01
bs0064,Red,Green,2026-04-22 07:42:01,STATE_CHANGE,-1.1674531,36.9638317,Kenya,2026-04-22 07:42:01
bs0034,Red,Amber,2026-04-22 07:42:01,STATE_CHANGE,-0.4306375,36.9514531,Kenya,2026-04-22 07:42:01
bs0052,Amber,Red,2026-04-22 07:42:01,STATE_CHANGE,-1.2735002,36.8262477,Kenya,2026-04-22 07:42:01
bs0007,Red,Green,2026-04-22 07:47:01,STATE_CHANGE,-1.293519818,36.76162793,Kenya,2026-04-22 07:47:01
bs0043,Red,Green,2026-04-22 07:48:01,STATE_CHANGE,-1.24311724,36.88041377,Kenya,2026-04-22 07:48:01
bs0031,Green,Amber,2026-04-22 07:49:01,STATE_CHANGE,-1.293759326,36.85065024,Kenya,2026-04-22 07:49:01
bs0040,Green,Amber,2026-04-22 07:51:01,STATE_CHANGE,-1.2659315,36.798076,Kenya,2026-04-22 07:51:01
bs0034,Green,Red,2026-04-22 07:51:01,STATE_CHANGE,-0.4306375,36.9514531,Kenya,2026-04-22 07:51:01
bs0033,Red,Green,2026-04-22 07:53:01,STATE_CHANGE,-1.2983013,36.7832031,Kenya,2026-04-22 07:53:01
bs0052,Green,Amber,2026-04-22 07:57:01,STATE_CHANGE,-1.2735002,36.8262477,Kenya,2026-04-22 07:57:01
bs0029,Red,Green,2026-04-22 07:58:01,STATE_CHANGE,-0.4216641356,36.95238229,Kenya,2026-04-22 07:58:01
bs0025,Amber,Red,2026-04-22 08:01:01,STATE_CHANGE,-1.217798261,36.89793289,Kenya,2026-04-22 08:01:01
bs0003,Amber,Green,2026-04-22 08:04:01,STATE_CHANGE,0.01330470798,37.07792968,Kenya,2026-04-22 08:04:01
bs0007,Amber,Red,2026-04-22 08:04:01,STATE_CHANGE,-1.293519818,36.76162793,Kenya,2026-04-22 08:04:01
bs0025,Green,Amber,2026-04-22 08:11:01,STATE_CHANGE,-1.217798261,36.89793289,Kenya,2026-04-22 08:11:01
bs0043,Amber,Red,2026-04-22 08:11:01,STATE_CHANGE,-1.24311724,36.88041377,Kenya,2026-04-22 08:11:01
bs0007,Green,Amber,2026-04-22 08:12:01,STATE_CHANGE,-1.293519818,36.76162793,Kenya,2026-04-22 08:12:01
bs0051,Grey,Green,2026-04-22 08:12:01,STATE_CHANGE,-1.308024666,36.81898027,Kenya,2026-04-22 08:12:01
bs0033,Amber,Red,2026-04-22 08:13:01,STATE_CHANGE,-1.2983013,36.7832031,Kenya,2026-04-22 08:13:01
bs0064,Amber,Red,2026-04-22 08:15:01,STATE_CHANGE,-1.1674531,36.9638317,Kenya,2026-04-22 08:15:01
bs0003,Green,Amber,2026-04-22 08:15:01,STATE_CHANGE,0.01330470798,37.07792968,Kenya,2026-04-22 08:15:01
bs0052,Amber,Green,2026-04-22 08:16:01,STATE_CHANGE,-1.2735002,36.8262477,Kenya,2026-04-22 08:16:01
bs0052,Green,Amber,2026-04-22 08:17:01,STATE_CHANGE,-1.2735002,36.8262477,Kenya,2026-04-22 08:17:01
bs0029,Amber,Red,2026-04-22 08:19:01,STATE_CHANGE,-0.4216641356,36.95238229,Kenya,2026-04-22 08:19:01
bs0033,Green,Amber,2026-04-22 08:21:01,STATE_CHANGE,-1.2983013,36.7832031,Kenya,2026-04-22 08:21:01
bs0064,Green,Amber,2026-04-22 08:22:01,STATE_CHANGE,-1.1674531,36.9638317,Kenya,2026-04-22 08:22:01
bs0031,Red,Green,2026-04-22 08:23:01,STATE_CHANGE,-1.293759326,36.85065024,Kenya,2026-04-22 08:23:01
bs0029,Green,Amber,2026-04-22 08:26:01,STATE_CHANGE,-0.4216641356,36.95238229,Kenya,2026-04-22 08:26:01
bs0043,Green,Amber,2026-04-22 08:26:01,STATE_CHANGE,-1.24311724,36.88041377,Kenya,2026-04-22 08:26:01
bs0031,Amber,Red,2026-04-22 08:29:01,STATE_CHANGE,-1.293759326,36.85065024,Kenya,2026-04-22 08:29:01
bs0029,Red,Green,2026-04-22 08:31:01,STATE_CHANGE,-0.4216641356,36.95238229,Kenya,2026-04-22 08:31:01
bs0043,Red,Green,2026-04-22 08:32:01,STATE_CHANGE,-1.24311724,36.88041377,Kenya,2026-04-22 08:32:01
bs0009,Red,Green,2026-04-22 08:35:01,STATE_CHANGE,-1.16363732,36.95419159,Kenya,2026-04-22 08:35:01
bs0031,Green,Amber,2026-04-22 08:37:01,STATE_CHANGE,-1.293759326,36.85065024,Kenya,2026-04-22 08:37:01
bs0053,Amber,Green,2026-04-22 08:38:01,STATE_CHANGE,-1.3006111,36.8250278,Kenya,2026-04-22 08:38:01
bs0041,Red,Green,2026-04-22 08:38:01,STATE_CHANGE,-1.277534452,36.79393909,Kenya,2026-04-22 08:38:01
bs0041,Amber,Red,2026-04-22 08:40:01,STATE_CHANGE,-1.277534452,36.79393909,Kenya,2026-04-22 08:40:01
bs0024,Red,Green,2026-04-22 08:44:01,STATE_CHANGE,-1.2980556,36.8183333,Kenya,2026-04-22 08:44:01
bs0053,Green,Amber,2026-04-22 08:45:01,STATE_CHANGE,-1.3006111,36.8250278,Kenya,2026-04-22 08:45:01
bs0029,Amber,Red,2026-04-22 08:47:01,STATE_CHANGE,-0.4216641356,36.95238229,Kenya,2026-04-22 08:47:01
bs0025,Red,Green,2026-04-22 08:48:01,STATE_CHANGE,-1.217798261,36.89793289,Kenya,2026-04-22 08:48:01
bs0006,Red,Green,2026-04-22 08:48:01,STATE_CHANGE,-0.4202788249,36.95064471,Kenya,2026-04-22 08:48:01
bs0041,Green,Amber,2026-04-22 08:50:01,STATE_CHANGE,-1.277534452,36.79393909,Kenya,2026-04-22 08:50:01
bs0024,Amber,Red,2026-04-22 08:54:01,STATE_CHANGE,-1.2980556,36.8183333,Kenya,2026-04-22 08:54:01
bs0043,Amber,Red,2026-04-22 08:54:01,STATE_CHANGE,-1.24311724,36.88041377,Kenya,2026-04-22 08:54:01
bs0029,Green,Amber,2026-04-22 08:59:01,STATE_CHANGE,-0.4216641356,36.95238229,Kenya,2026-04-22 08:59:01
bs0024,Green,Amber,2026-04-22 09:00:01,STATE_CHANGE,-1.2980556,36.8183333,Kenya,2026-04-22 09:00:01
bs0036,Red,Green,2026-04-22 09:03:01,STATE_CHANGE,-1.3965625,36.7434375,Kenya,2026-04-22 09:03:01
bs0020,Red,Green,2026-04-22 09:05:01,STATE_CHANGE,-1.1078375,37.0139219,Kenya,2026-04-22 09:05:01
bs0006,Amber,Red,2026-04-22 09:06:01,STATE_CHANGE,-0.4202788249,36.95064471,Kenya,2026-04-22 09:06:01
bs0035,Red,Green,2026-04-22 09:09:01,STATE_CHANGE,-1.3064295,36.8882947,Kenya,2026-04-22 09:09:01
bs0043,Green,Amber,2026-04-22 09:09:01,STATE_CHANGE,-1.24311724,36.88041377,Kenya,2026-04-22 09:09:01
bs0025,Amber,Red,2026-04-22 09:14:02,STATE_CHANGE,-1.217798261,36.89793289,Kenya,2026-04-22 09:14:02
bs0043,Red,Green,2026-04-22 09:16:01,STATE_CHANGE,-1.24311724,36.88041377,Kenya,2026-04-22 09:16:01
bs0006,Green,Amber,2026-04-22 09:18:01,STATE_CHANGE,-0.4202788249,36.95064471,Kenya,2026-04-22 09:18:01
bs0025,Green,Amber,2026-04-22 09:20:01,STATE_CHANGE,-1.217798261,36.89793289,Kenya,2026-04-22 09:20:01
bs0009,Amber,Red,2026-04-22 09:21:01,STATE_CHANGE,-1.16363732,36.95419159,Kenya,2026-04-22 09:21:01
bs0056,Red,Green,2026-04-22 09:26:01,STATE_CHANGE,-1.2805625,36.7363125,Kenya,2026-04-22 09:26:01
bs0006,Amber,Green,2026-04-22 09:28:01,STATE_CHANGE,-0.4202788249,36.95064471,Kenya,2026-04-22 09:28:01
bs0006,Green,Amber,2026-04-22 09:29:01,STATE_CHANGE,-0.4202788249,36.95064471,Kenya,2026-04-22 09:29:01
bs0036,Amber,Red,2026-04-22 09:32:01,STATE_CHANGE,-1.3965625,36.7434375,Kenya,2026-04-22 09:32:01
bs0025,Amber,Green,2026-04-22 09:33:01,STATE_CHANGE,-1.217798261,36.89793289,Kenya,2026-04-22 09:33:01
bs0009,Red,Amber,2026-04-22 09:33:01,STATE_CHANGE,-1.16363732,36.95419159,Kenya,2026-04-22 09:33:01
bs0009,Green,Red,2026-04-22 09:34:01,STATE_CHANGE,-1.16363732,36.95419159,Kenya,2026-04-22 09:34:01
bs0035,Amber,Red,2026-04-22 09:38:01,STATE_CHANGE,-1.3064295,36.8882947,Kenya,2026-04-22 09:38:01
bs0043,Amber,Red,2026-04-22 09:38:01,STATE_CHANGE,-1.24311724,36.88041377,Kenya,2026-04-22 09:38:01
bs0036,Green,Amber,2026-04-22 09:41:01,STATE_CHANGE,-1.3965625,36.7434375,Kenya,2026-04-22 09:41:01
bs0035,Green,Amber,2026-04-22 09:44:01,STATE_CHANGE,-1.3064295,36.8882947,Kenya,2026-04-22 09:44:01
bs0025,Green,Amber,2026-04-22 09:44:01,STATE_CHANGE,-1.217798261,36.89793289,Kenya,2026-04-22 09:44:01
bs0020,Amber,Red,2026-04-22 09:45:01,STATE_CHANGE,-1.1078375,37.0139219,Kenya,2026-04-22 09:45:01
bs0053,Red,Green,2026-04-22 09:49:01,STATE_CHANGE,-1.3006111,36.8250278,Kenya,2026-04-22 09:49:01
bs0020,Green,Amber,2026-04-22 09:51:01,STATE_CHANGE,-1.1078375,37.0139219,Kenya,2026-04-22 09:51:01
bs0065,Red,Green,2026-04-22 09:53:01,STATE_CHANGE,-1.341161382,36.75036256,Kenya,2026-04-22 09:53:01
bs0053,Amber,Red,2026-04-22 09:53:01,STATE_CHANGE,-1.3006111,36.8250278,Kenya,2026-04-22 09:53:01
bs0043,Green,Amber,2026-04-22 09:53:01,STATE_CHANGE,-1.24311724,36.88041377,Kenya,2026-04-22 09:53:01
bs0056,Amber,Red,2026-04-22 09:55:01,STATE_CHANGE,-1.2805625,36.7363125,Kenya,2026-04-22 09:55:01
bs0040,Red,Green,2026-04-22 09:57:01,STATE_CHANGE,-1.2659315,36.798076,Kenya,2026-04-22 09:57:01
bs0043,Red,Green,2026-04-22 10:01:01,STATE_CHANGE,-1.24311724,36.88041377,Kenya,2026-04-22 10:01:01
bs0053,Green,Amber,2026-04-22 10:02:01,STATE_CHANGE,-1.3006111,36.8250278,Kenya,2026-04-22 10:02:01
bs0040,Amber,Red,2026-04-22 10:02:01,STATE_CHANGE,-1.2659315,36.798076,Kenya,2026-04-22 10:02:01
bs0056,Green,Amber,2026-04-22 10:03:01,STATE_CHANGE,-1.2805625,36.7363125,Kenya,2026-04-22 10:03:01
bs0039,Red,Green,2026-04-22 10:07:01,STATE_CHANGE,-1.2524722,36.6657222,Kenya,2026-04-22 10:07:01
bs0040,Green,Amber,2026-04-22 10:09:01,STATE_CHANGE,-1.2659315,36.798076,Kenya,2026-04-22 10:09:01
bs0017,Red,Green,2026-04-22 10:17:01,STATE_CHANGE,-1.2667375,36.8456719,Kenya,2026-04-22 10:17:01
bs0043,Amber,Red,2026-04-22 10:23:01,STATE_CHANGE,-1.24311724,36.88041377,Kenya,2026-04-22 10:23:01
bs0039,Amber,Red,2026-04-22 10:25:01,STATE_CHANGE,-1.2524722,36.6657222,Kenya,2026-04-22 10:25:01
bs0025,Amber,Green,2026-04-22 10:27:01,STATE_CHANGE,-1.217798261,36.89793289,Kenya,2026-04-22 10:27:01
bs0025,Green,Amber,2026-04-22 10:34:01,STATE_CHANGE,-1.217798261,36.89793289,Kenya,2026-04-22 10:34:01
bs0039,Green,Amber,2026-04-22 10:36:01,STATE_CHANGE,-1.2524722,36.6657222,Kenya,2026-04-22 10:36:01
bs0017,Amber,Red,2026-04-22 10:37:01,STATE_CHANGE,-1.2667375,36.8456719,Kenya,2026-04-22 10:37:01
bs0043,Green,Amber,2026-04-22 10:38:01,STATE_CHANGE,-1.24311724,36.88041377,Kenya,2026-04-22 10:38:01
bs0033,Red,Green,2026-04-22 10:39:01,STATE_CHANGE,-1.2983013,36.7832031,Kenya,2026-04-22 10:39:01
bs0053,Amber,Green,2026-04-22 10:43:01,STATE_CHANGE,-1.3006111,36.8250278,Kenya,2026-04-22 10:43:01
bs0065,Amber,Red,2026-04-22 10:44:01,STATE_CHANGE,-1.341161382,36.75036256,Kenya,2026-04-22 10:44:01
bs0030,Red,Green,2026-04-22 10:46:01,STATE_CHANGE,-1.32456511,36.79599158,Kenya,2026-04-22 10:46:01
bs0053,Green,Amber,2026-04-22 10:47:02,STATE_CHANGE,-1.3006111,36.8250278,Kenya,2026-04-22 10:47:02
bs0017,Green,Amber,2026-04-22 10:48:01,STATE_CHANGE,-1.2667375,36.8456719,Kenya,2026-04-22 10:48:01
bs0029,Red,Green,2026-04-22 10:52:01,STATE_CHANGE,-0.4216641356,36.95238229,Kenya,2026-04-22 10:52:01
bs0065,Green,Amber,2026-04-22 10:53:01,STATE_CHANGE,-1.341161382,36.75036256,Kenya,2026-04-22 10:53:01
bs0057,Red,Green,2026-04-22 10:53:01,STATE_CHANGE,-1.1701402,36.8273317,Kenya,2026-04-22 10:53:01
bs0065,Amber,Green,2026-04-22 10:54:01,STATE_CHANGE,-1.341161382,36.75036256,Kenya,2026-04-22 10:54:01
bs0057,Amber,Red,2026-04-22 10:54:01,STATE_CHANGE,-1.1701402,36.8273317,Kenya,2026-04-22 10:54:01
bs0017,Red,Green,2026-04-22 10:55:01,STATE_CHANGE,-1.2667375,36.8456719,Kenya,2026-04-22 10:55:01
bs0029,Amber,Red,2026-04-22 11:01:01,STATE_CHANGE,-0.4216641356,36.95238229,Kenya,2026-04-22 11:01:01
bs0057,Green,Amber,2026-04-22 11:02:01,STATE_CHANGE,-1.1701402,36.8273317,Kenya,2026-04-22 11:02:01
bs0033,Amber,Red,2026-04-22 11:03:02,STATE_CHANGE,-1.2983013,36.7832031,Kenya,2026-04-22 11:03:02
bs0065,Green,Amber,2026-04-22 11:05:01,STATE_CHANGE,-1.341161382,36.75036256,Kenya,2026-04-22 11:05:01
bs0030,Amber,Red,2026-04-22 11:09:01,STATE_CHANGE,-1.32456511,36.79599158,Kenya,2026-04-22 11:09:01
bs0006,Amber,Green,2026-04-22 11:10:01,STATE_CHANGE,-0.4202788249,36.95064471,Kenya,2026-04-22 11:10:01
bs0017,Amber,Red,2026-04-22 11:11:01,STATE_CHANGE,-1.2667375,36.8456719,Kenya,2026-04-22 11:11:01
bs0054,Red,Green,2026-04-22 11:12:01,STATE_CHANGE,-1.400266,36.9439122,Kenya,2026-04-22 11:12:01
bs0029,Green,Amber,2026-04-22 11:14:01,STATE_CHANGE,-0.4216641356,36.95238229,Kenya,2026-04-22 11:14:01
bs0033,Green,Amber,2026-04-22 11:15:01,STATE_CHANGE,-1.2983013,36.7832031,Kenya,2026-04-22 11:15:01
bs0006,Green,Amber,2026-04-22 11:21:01,STATE_CHANGE,-0.4202788249,36.95064471,Kenya,2026-04-22 11:21:01
bs0030,Green,Amber,2026-04-22 11:22:01,STATE_CHANGE,-1.32456511,36.79599158,Kenya,2026-04-22 11:22:01
bs0017,Green,Amber,2026-04-22 11:24:01,STATE_CHANGE,-1.2667375,36.8456719,Kenya,2026-04-22 11:24:01
bs0033,Amber,Green,2026-04-22 11:25:02,STATE_CHANGE,-1.2983013,36.7832031,Kenya,2026-04-22 11:25:02
bs0057,Red,Green,2026-04-22 11:27:01,STATE_CHANGE,-1.1701402,36.8273317,Kenya,2026-04-22 11:27:01
bs0033,Green,Amber,2026-04-22 11:31:01,STATE_CHANGE,-1.2983013,36.7832031,Kenya,2026-04-22 11:31:01
bs0009,Amber,Green,2026-04-22 11:35:01,STATE_CHANGE,-1.16363732,36.95419159,Kenya,2026-04-22 11:35:01
bs0009,Green,Amber,2026-04-22 11:42:01,STATE_CHANGE,-1.16363732,36.95419159,Kenya,2026-04-22 11:42:01
bs0065,Red,Green,2026-04-22 11:43:01,STATE_CHANGE,-1.341161382,36.75036256,Kenya,2026-04-22 11:43:01
bs0043,Red,Green,2026-04-22 11:44:01,STATE_CHANGE,-1.24311724,36.88041377,Kenya,2026-04-22 11:44:01
bs0057,Amber,Red,2026-04-22 11:46:01,STATE_CHANGE,-1.1701402,36.8273317,Kenya,2026-04-22 11:46:01
bs0042,Amber,Green,2026-04-22 11:48:01,STATE_CHANGE,-1.3138581,36.9152761,Kenya,2026-04-22 11:48:01
bs0043,Amber,Red,2026-04-22 11:48:01,STATE_CHANGE,-1.24311724,36.88041377,Kenya,2026-04-22 11:48:01
bs0065,Amber,Red,2026-04-22 11:49:01,STATE_CHANGE,-1.341161382,36.75036256,Kenya,2026-04-22 11:49:01
bs0007,Red,Green,2026-04-22 11:51:01,STATE_CHANGE,-1.293519818,36.76162793,Kenya,2026-04-22 11:51:01
bs0048,Red,Green,2026-04-22 11:51:01,STATE_CHANGE,-1.294223033,36.80532385,Kenya,2026-04-22 11:51:01
bs0028,Red,Green,2026-04-22 11:53:01,STATE_CHANGE,-1.4314375,36.6863594,Kenya,2026-04-22 11:53:01
bs0008,Amber,Green,2026-04-22 11:55:02,STATE_CHANGE,-1.264197845,36.80534064,Kenya,2026-04-22 11:55:02
bs0057,Green,Amber,2026-04-22 11:56:01,STATE_CHANGE,-1.1701402,36.8273317,Kenya,2026-04-22 11:56:01
bs0042,Green,Amber,2026-04-22 11:57:01,STATE_CHANGE,-1.3138581,36.9152761,Kenya,2026-04-22 11:57:01
bs0043,Green,Amber,2026-04-22 11:57:01,STATE_CHANGE,-1.24311724,36.88041377,Kenya,2026-04-22 11:57:01
bs0025,Red,Green,2026-04-22 11:59:01,STATE_CHANGE,-1.217798261,36.89793289,Kenya,2026-04-22 11:59:01
bs0008,Green,Amber,2026-04-22 11:59:01,STATE_CHANGE,-1.264197845,36.80534064,Kenya,2026-04-22 11:59:01
bs0065,Green,Amber,2026-04-22 12:00:02,STATE_CHANGE,-1.341161382,36.75036256,Kenya,2026-04-22 12:00:02
bs0030,Red,Green,2026-04-22 12:01:01,STATE_CHANGE,-1.32456511,36.79599158,Kenya,2026-04-22 12:01:01
bs0009,Amber,Green,2026-04-22 12:02:01,STATE_CHANGE,-1.16363732,36.95419159,Kenya,2026-04-22 12:02:01
bs0047,Red,Green,2026-04-22 12:02:01,STATE_CHANGE,0.01485822629,37.07601655,Kenya,2026-04-22 12:02:01
bs0052,Red,Green,2026-04-22 12:03:01,STATE_CHANGE,-1.2735002,36.8262477,Kenya,2026-04-22 12:03:01
bs0031,Red,Green,2026-04-22 12:04:01,STATE_CHANGE,-1.293759326,36.85065024,Kenya,2026-04-22 12:04:01
bs0008,Red,Green,2026-04-22 12:05:01,STATE_CHANGE,-1.264197845,36.80534064,Kenya,2026-04-22 12:05:01
bs0017,Red,Green,2026-04-22 12:05:01,STATE_CHANGE,-1.2667375,36.8456719,Kenya,2026-04-22 12:05:01
bs0054,Amber,Red,2026-04-22 12:06:01,STATE_CHANGE,-1.400266,36.9439122,Kenya,2026-04-22 12:06:01
bs0009,Green,Amber,2026-04-22 12:08:01,STATE_CHANGE,-1.16363732,36.95419159,Kenya,2026-04-22 12:08:01
bs0008,Amber,Red,2026-04-22 12:09:01,STATE_CHANGE,-1.264197845,36.80534064,Kenya,2026-04-22 12:09:01
bs0047,Amber,Red,2026-04-22 12:09:01,STATE_CHANGE,0.01485822629,37.07601655,Kenya,2026-04-22 12:09:01
bs0043,Red,Green,2026-04-22 12:10:01,STATE_CHANGE,-1.24311724,36.88041377,Kenya,2026-04-22 12:10:01
bs0043,Amber,Red,2026-04-22 12:11:01,STATE_CHANGE,-1.24311724,36.88041377,Kenya,2026-04-22 12:11:01
bs0048,Amber,Red,2026-04-22 12:14:02,STATE_CHANGE,-1.294223033,36.80532385,Kenya,2026-04-22 12:14:02
bs0054,Green,Amber,2026-04-22 12:15:01,STATE_CHANGE,-1.400266,36.9439122,Kenya,2026-04-22 12:15:01
bs0065,Red,Green,2026-04-22 12:18:01,STATE_CHANGE,-1.341161382,36.75036256,Kenya,2026-04-22 12:18:01
bs0057,Amber,Green,2026-04-22 12:18:01,STATE_CHANGE,-1.1701402,36.8273317,Kenya,2026-04-22 12:18:01
bs0047,Green,Amber,2026-04-22 12:19:01,STATE_CHANGE,0.01485822629,37.07601655,Kenya,2026-04-22 12:19:01
bs0043,Green,Amber,2026-04-22 12:19:01,STATE_CHANGE,-1.24311724,36.88041377,Kenya,2026-04-22 12:19:01
bs0057,Green,Amber,2026-04-22 12:21:01,STATE_CHANGE,-1.1701402,36.8273317,Kenya,2026-04-22 12:21:01
bs0031,Amber,Red,2026-04-22 12:21:01,STATE_CHANGE,-1.293759326,36.85065024,Kenya,2026-04-22 12:21:01
bs0008,Green,Amber,2026-04-22 12:24:01,STATE_CHANGE,-1.264197845,36.80534064,Kenya,2026-04-22 12:24:01
bs0048,Green,Amber,2026-04-22 12:27:01,STATE_CHANGE,-1.294223033,36.80532385,Kenya,2026-04-22 12:27:01
bs0008,Amber,Green,2026-04-22 12:30:01,STATE_CHANGE,-1.264197845,36.80534064,Kenya,2026-04-22 12:30:01
bs0031,Green,Amber,2026-04-22 12:30:01,STATE_CHANGE,-1.293759326,36.85065024,Kenya,2026-04-22 12:30:01
bs0052,Amber,Red,2026-04-22 12:32:01,STATE_CHANGE,-1.2735002,36.8262477,Kenya,2026-04-22 12:32:01
bs0017,Amber,Red,2026-04-22 12:35:01,STATE_CHANGE,-1.2667375,36.8456719,Kenya,2026-04-22 12:35:01
bs0065,Amber,Red,2026-04-22 12:36:01,STATE_CHANGE,-1.341161382,36.75036256,Kenya,2026-04-22 12:36:01
bs0054,Red,Green,2026-04-22 12:36:01,STATE_CHANGE,-1.400266,36.9439122,Kenya,2026-04-22 12:36:01
bs0025,Amber,Red,2026-04-22 12:36:01,STATE_CHANGE,-1.217798261,36.89793289,Kenya,2026-04-22 12:36:01
bs0030,Amber,Red,2026-04-22 12:38:01,STATE_CHANGE,-1.32456511,36.79599158,Kenya,2026-04-22 12:38:01
bs0028,Amber,Red,2026-04-22 12:40:01,STATE_CHANGE,-1.4314375,36.6863594,Kenya,2026-04-22 12:40:01
bs0052,Green,Amber,2026-04-22 12:40:01,STATE_CHANGE,-1.2735002,36.8262477,Kenya,2026-04-22 12:40:01
bs0007,Amber,Red,2026-04-22 12:41:01,STATE_CHANGE,-1.293519818,36.76162793,Kenya,2026-04-22 12:41:01
bs0008,Green,Amber,2026-04-22 12:42:01,STATE_CHANGE,-1.264197845,36.80534064,Kenya,2026-04-22 12:42:01
bs0065,Green,Amber,2026-04-22 12:45:02,STATE_CHANGE,-1.341161382,36.75036256,Kenya,2026-04-22 12:45:02
bs0057,Red,Green,2026-04-22 12:46:01,STATE_CHANGE,-1.1701402,36.8273317,Kenya,2026-04-22 12:46:01
bs0030,Red,Amber,2026-04-22 12:47:01,STATE_CHANGE,-1.32456511,36.79599158,Kenya,2026-04-22 12:47:01
bs0025,Green,Amber,2026-04-22 12:48:01,STATE_CHANGE,-1.217798261,36.89793289,Kenya,2026-04-22 12:48:01
bs0020,Red,Green,2026-04-22 12:48:01,STATE_CHANGE,-1.1078375,37.0139219,Kenya,2026-04-22 12:48:01
bs0030,Green,Red,2026-04-22 12:49:01,STATE_CHANGE,-1.32456511,36.79599158,Kenya,2026-04-22 12:49:01
bs0017,Green,Amber,2026-04-22 12:50:01,STATE_CHANGE,-1.2667375,36.8456719,Kenya,2026-04-22 12:50:01
bs0065,Red,Green,2026-04-22 12:51:02,STATE_CHANGE,-1.341161382,36.75036256,Kenya,2026-04-22 12:51:02
bs0054,Amber,Red,2026-04-22 12:52:01,STATE_CHANGE,-1.400266,36.9439122,Kenya,2026-04-22 12:52:01
bs0053,Red,Green,2026-04-22 12:53:02,STATE_CHANGE,-1.3006111,36.8250278,Kenya,2026-04-22 12:53:02
bs0028,Green,Amber,2026-04-22 12:55:01,STATE_CHANGE,-1.4314375,36.6863594,Kenya,2026-04-22 12:55:01
bs0007,Green,Amber,2026-04-22 12:55:01,STATE_CHANGE,-1.293519818,36.76162793,Kenya,2026-04-22 12:55:01
bs0054,Green,Amber,2026-04-22 13:03:01,STATE_CHANGE,-1.400266,36.9439122,Kenya,2026-04-22 13:03:01
bs0020,Amber,Red,2026-04-22 13:03:01,STATE_CHANGE,-1.1078375,37.0139219,Kenya,2026-04-22 13:03:01
bs0035,Red,Green,2026-04-22 13:04:01,STATE_CHANGE,-1.3064295,36.8882947,Kenya,2026-04-22 13:04:01
bs0035,Amber,Red,2026-04-22 13:06:01,STATE_CHANGE,-1.3064295,36.8882947,Kenya,2026-04-22 13:06:01
bs0057,Amber,Red,2026-04-22 13:06:01,STATE_CHANGE,-1.1701402,36.8273317,Kenya,2026-04-22 13:06:01
bs0065,Amber,Red,2026-04-22 13:09:01,STATE_CHANGE,-1.341161382,36.75036256,Kenya,2026-04-22 13:09:01
bs0053,Amber,Red,2026-04-22 13:09:01,STATE_CHANGE,-1.3006111,36.8250278,Kenya,2026-04-22 13:09:01
bs0020,Green,Amber,2026-04-22 13:10:01,STATE_CHANGE,-1.1078375,37.0139219,Kenya,2026-04-22 13:10:01
bs0035,Green,Amber,2026-04-22 13:16:02,STATE_CHANGE,-1.3064295,36.8882947,Kenya,2026-04-22 13:16:02
bs0065,Green,Amber,2026-04-22 13:17:01,STATE_CHANGE,-1.341161382,36.75036256,Kenya,2026-04-22 13:17:01
bs0053,Green,Amber,2026-04-22 13:17:01,STATE_CHANGE,-1.3006111,36.8250278,Kenya,2026-04-22 13:17:01
bs0057,Green,Amber,2026-04-22 13:17:01,STATE_CHANGE,-1.1701402,36.8273317,Kenya,2026-04-22 13:17:01
bs0025,Red,Green,2026-04-22 13:18:01,STATE_CHANGE,-1.217798261,36.89793289,Kenya,2026-04-22 13:18:01
bs0022,Amber,Green,2026-04-22 13:27:01,STATE_CHANGE,-1.259370926,36.81692897,Kenya,2026-04-22 13:27:01
bs0042,Red,Green,2026-04-22 13:30:01,STATE_CHANGE,-1.3138581,36.9152761,Kenya,2026-04-22 13:30:01
bs0022,Green,Amber,2026-04-22 13:37:01,STATE_CHANGE,-1.259370926,36.81692897,Kenya,2026-04-22 13:37:01
bs0042,Amber,Red,2026-04-22 13:41:01,STATE_CHANGE,-1.3138581,36.9152761,Kenya,2026-04-22 13:41:01
bs0025,Amber,Red,2026-04-22 13:44:02,STATE_CHANGE,-1.217798261,36.89793289,Kenya,2026-04-22 13:44:02
bs0020,Amber,Green,2026-04-22 13:48:01,STATE_CHANGE,-1.1078375,37.0139219,Kenya,2026-04-22 13:48:01
bs0042,Green,Amber,2026-04-22 13:49:01,STATE_CHANGE,-1.3138581,36.9152761,Kenya,2026-04-22 13:49:01
bs0017,Red,Green,2026-04-22 13:49:01,STATE_CHANGE,-1.2667375,36.8456719,Kenya,2026-04-22 13:49:01
bs0020,Green,Amber,2026-04-22 13:51:01,STATE_CHANGE,-1.1078375,37.0139219,Kenya,2026-04-22 13:51:01
bs0025,Green,Amber,2026-04-22 13:52:01,STATE_CHANGE,-1.217798261,36.89793289,Kenya,2026-04-22 13:52:01
bs0038,Amber,Green,2026-04-22 13:53:01,STATE_CHANGE,-1.27413665,36.78867514,Kenya,2026-04-22 13:53:01
bs0038,Green,Amber,2026-04-22 14:02:01,STATE_CHANGE,-1.27413665,36.78867514,Kenya,2026-04-22 14:02:01
bs0065,Red,Green,2026-04-22 14:03:01,STATE_CHANGE,-1.341161382,36.75036256,Kenya,2026-04-22 14:03:01
bs0017,Amber,Red,2026-04-22 14:07:01,STATE_CHANGE,-1.2667375,36.8456719,Kenya,2026-04-22 14:07:01
bs0027,Red,Green,2026-04-22 14:07:01,STATE_CHANGE,-1.2642052,36.80537588,Kenya,2026-04-22 14:07:01
bs0064,Red,Green,2026-04-22 14:08:01,STATE_CHANGE,-1.1674531,36.9638317,Kenya,2026-04-22 14:08:01
bs0017,Green,Amber,2026-04-22 14:18:01,STATE_CHANGE,-1.2667375,36.8456719,Kenya,2026-04-22 14:18:01
bs0048,Red,Green,2026-04-22 14:22:01,STATE_CHANGE,-1.294223033,36.80532385,Kenya,2026-04-22 14:22:01
bs0064,Amber,Red,2026-04-22 14:27:01,STATE_CHANGE,-1.1674531,36.9638317,Kenya,2026-04-22 14:27:01
bs0041,Red,Green,2026-04-22 14:29:01,STATE_CHANGE,-1.277534452,36.79393909,Kenya,2026-04-22 14:29:01
bs0027,Amber,Red,2026-04-22 14:29:01,STATE_CHANGE,-1.2642052,36.80537588,Kenya,2026-04-22 14:29:01
bs0065,Amber,Red,2026-04-22 14:31:01,STATE_CHANGE,-1.341161382,36.75036256,Kenya,2026-04-22 14:31:01
bs0033,Red,Green,2026-04-22 14:34:01,STATE_CHANGE,-1.2983013,36.7832031,Kenya,2026-04-22 14:34:01
bs0017,Red,Green,2026-04-22 14:34:01,STATE_CHANGE,-1.2667375,36.8456719,Kenya,2026-04-22 14:34:01
bs0038,Red,Green,2026-04-22 14:35:01,STATE_CHANGE,-1.27413665,36.78867514,Kenya,2026-04-22 14:35:01
bs0064,Green,Amber,2026-04-22 14:36:01,STATE_CHANGE,-1.1674531,36.9638317,Kenya,2026-04-22 14:36:01
bs0031,Red,Green,2026-04-22 14:36:01,STATE_CHANGE,-1.293759326,36.85065024,Kenya,2026-04-22 14:36:01
bs0031,Amber,Red,2026-04-22 14:37:01,STATE_CHANGE,-1.293759326,36.85065024,Kenya,2026-04-22 14:37:01
bs0027,Green,Amber,2026-04-22 14:38:01,STATE_CHANGE,-1.2642052,36.80537588,Kenya,2026-04-22 14:38:01
bs0043,Red,Green,2026-04-22 14:39:01,STATE_CHANGE,-1.24311724,36.88041377,Kenya,2026-04-22 14:39:01
bs0017,Amber,Red,2026-04-22 14:40:01,STATE_CHANGE,-1.2667375,36.8456719,Kenya,2026-04-22 14:40:01
bs0033,Amber,Red,2026-04-22 14:42:01,STATE_CHANGE,-1.2983013,36.7832031,Kenya,2026-04-22 14:42:01
bs0065,Green,Amber,2026-04-22 14:43:01,STATE_CHANGE,-1.341161382,36.75036256,Kenya,2026-04-22 14:43:01
bs0053,Red,Green,2026-04-22 14:44:01,STATE_CHANGE,-1.3006111,36.8250278,Kenya,2026-04-22 14:44:01
bs0043,Amber,Red,2026-04-22 14:46:01,STATE_CHANGE,-1.24311724,36.88041377,Kenya,2026-04-22 14:46:01
bs0051,Green,Grey,2026-04-22 14:49:01,STATE_CHANGE,-1.308024666,36.81898027,Kenya,2026-04-22 14:49:01
bs0031,Green,Amber,2026-04-22 14:51:01,STATE_CHANGE,-1.293759326,36.85065024,Kenya,2026-04-22 14:51:01
bs0017,Green,Amber,2026-04-22 14:53:01,STATE_CHANGE,-1.2667375,36.8456719,Kenya,2026-04-22 14:53:01
bs0033,Green,Amber,2026-04-22 14:54:01,STATE_CHANGE,-1.2983013,36.7832031,Kenya,2026-04-22 14:54:01
bs0038,Amber,Red,2026-04-22 14:54:01,STATE_CHANGE,-1.27413665,36.78867514,Kenya,2026-04-22 14:54:01
bs0043,Green,Amber,2026-04-22 14:55:01,STATE_CHANGE,-1.24311724,36.88041377,Kenya,2026-04-22 14:55:01
bs0041,Amber,Red,2026-04-22 14:59:01,STATE_CHANGE,-1.277534452,36.79393909,Kenya,2026-04-22 14:59:01
bs0031,Red,Green,2026-04-22 14:59:01,STATE_CHANGE,-1.293759326,36.85065024,Kenya,2026-04-22 14:59:01
bs0017,Red,Green,2026-04-22 15:02:01,STATE_CHANGE,-1.2667375,36.8456719,Kenya,2026-04-22 15:02:01
bs0053,Amber,Red,2026-04-22 15:03:01,STATE_CHANGE,-1.3006111,36.8250278,Kenya,2026-04-22 15:03:01
bs0035,Amber,Green,2026-04-22 15:07:01,STATE_CHANGE,-1.3064295,36.8882947,Kenya,2026-04-22 15:07:01
bs0035,Green,Amber,2026-04-22 15:08:01,STATE_CHANGE,-1.3064295,36.8882947,Kenya,2026-04-22 15:08:01
bs0038,Green,Amber,2026-04-22 15:08:01,STATE_CHANGE,-1.27413665,36.78867514,Kenya,2026-04-22 15:08:01
bs0041,Green,Amber,2026-04-22 15:10:01,STATE_CHANGE,-1.277534452,36.79393909,Kenya,2026-04-22 15:10:01
bs0029,Amber,Green,2026-04-22 15:11:01,STATE_CHANGE,-0.4216641356,36.95238229,Kenya,2026-04-22 15:11:01
bs0048,Amber,Red,2026-04-22 15:11:01,STATE_CHANGE,-1.294223033,36.80532385,Kenya,2026-04-22 15:11:01
bs0053,Green,Amber,2026-04-22 15:13:01,STATE_CHANGE,-1.3006111,36.8250278,Kenya,2026-04-22 15:13:01
bs0003,Red,Green,2026-04-22 15:14:01,STATE_CHANGE,0.01330470798,37.07792968,Kenya,2026-04-22 15:14:01
bs0003,Amber,Red,2026-04-22 15:15:01,STATE_CHANGE,0.01330470798,37.07792968,Kenya,2026-04-22 15:15:01
bs0033,Amber,Green,2026-04-22 15:16:01,STATE_CHANGE,-1.2983013,36.7832031,Kenya,2026-04-22 15:16:01
bs0029,Green,Amber,2026-04-22 15:17:01,STATE_CHANGE,-0.4216641356,36.95238229,Kenya,2026-04-22 15:17:01
bs0031,Amber,Red,2026-04-22 15:17:01,STATE_CHANGE,-1.293759326,36.85065024,Kenya,2026-04-22 15:17:01
bs0033,Green,Amber,2026-04-22 15:20:01,STATE_CHANGE,-1.2983013,36.7832031,Kenya,2026-04-22 15:20:01
bs0003,Green,Amber,2026-04-22 15:22:01,STATE_CHANGE,0.01330470798,37.07792968,Kenya,2026-04-22 15:22:01
bs0048,Green,Amber,2026-04-22 15:23:01,STATE_CHANGE,-1.294223033,36.80532385,Kenya,2026-04-22 15:23:01
bs0035,Red,Green,2026-04-22 15:25:01,STATE_CHANGE,-1.3064295,36.8882947,Kenya,2026-04-22 15:25:01
bs0003,Amber,Green,2026-04-22 15:25:01,STATE_CHANGE,0.01330470798,37.07792968,Kenya,2026-04-22 15:25:01
bs0017,Amber,Red,2026-04-22 15:27:01,STATE_CHANGE,-1.2667375,36.8456719,Kenya,2026-04-22 15:27:01
bs0031,Green,Amber,2026-04-22 15:28:01,STATE_CHANGE,-1.293759326,36.85065024,Kenya,2026-04-22 15:28:01
bs0029,Amber,Green,2026-04-22 15:29:01,STATE_CHANGE,-0.4216641356,36.95238229,Kenya,2026-04-22 15:29:01
bs0031,Red,Green,2026-04-22 15:29:01,STATE_CHANGE,-1.293759326,36.85065024,Kenya,2026-04-22 15:29:01
bs0029,Green,Amber,2026-04-22 15:34:01,STATE_CHANGE,-0.4216641356,36.95238229,Kenya,2026-04-22 15:34:01
bs0031,Amber,Red,2026-04-22 15:34:01,STATE_CHANGE,-1.293759326,36.85065024,Kenya,2026-04-22 15:34:01
bs0051,Amber,Green,2026-04-22 15:36:01,STATE_CHANGE,-1.308024666,36.81898027,Kenya,2026-04-22 15:36:01
bs0032,Green,Grey,2026-04-22 15:37:02,STATE_CHANGE,-1.2965625,36.8759375,Kenya,2026-04-22 15:37:02
bs0003,Green,Amber,2026-04-22 15:37:02,STATE_CHANGE,0.01330470798,37.07792968,Kenya,2026-04-22 15:37:02
bs0017,Green,Amber,2026-04-22 15:40:01,STATE_CHANGE,-1.2667375,36.8456719,Kenya,2026-04-22 15:40:01
bs0033,Red,Green,2026-04-22 15:42:01,STATE_CHANGE,-1.2983013,36.7832031,Kenya,2026-04-22 15:42:01
bs0035,Amber,Red,2026-04-22 15:42:01,STATE_CHANGE,-1.3064295,36.8882947,Kenya,2026-04-22 15:42:01
bs0061,Red,Green,2026-04-22 15:43:01,STATE_CHANGE,-1.3087667,36.860551,Kenya,2026-04-22 15:43:01
bs0051,Green,Amber,2026-04-22 15:46:01,STATE_CHANGE,-1.308024666,36.81898027,Kenya,2026-04-22 15:46:01
bs0032,Red,Green,2026-04-22 15:47:01,STATE_CHANGE,-1.2965625,36.8759375,Kenya,2026-04-22 15:47:01
bs0031,Green,Amber,2026-04-22 15:47:01,STATE_CHANGE,-1.293759326,36.85065024,Kenya,2026-04-22 15:47:01
bs0048,Red,Green,2026-04-22 15:50:01,STATE_CHANGE,-1.294223033,36.80532385,Kenya,2026-04-22 15:50:01
bs0033,Amber,Red,2026-04-22 15:52:01,STATE_CHANGE,-1.2983013,36.7832031,Kenya,2026-04-22 15:52:01
bs0035,Green,Amber,2026-04-22 15:53:01,STATE_CHANGE,-1.3064295,36.8882947,Kenya,2026-04-22 15:53:01
bs0061,Amber,Red,2026-04-22 15:55:01,STATE_CHANGE,-1.3087667,36.860551,Kenya,2026-04-22 15:55:01
bs0032,Amber,Red,2026-04-22 15:58:01,STATE_CHANGE,-1.2965625,36.8759375,Kenya,2026-04-22 15:58:01
bs0013,Red,Green,2026-04-22 15:58:01,STATE_CHANGE,-1.2303625,36.6823281,Kenya,2026-04-22 15:58:01
bs0033,Green,Amber,2026-04-22 16:06:02,STATE_CHANGE,-1.2983013,36.7832031,Kenya,2026-04-22 16:06:02
bs0032,Green,Amber,2026-04-22 16:06:02,STATE_CHANGE,-1.2965625,36.8759375,Kenya,2026-04-22 16:06:02
bs0017,Amber,Green,2026-04-22 16:06:02,STATE_CHANGE,-1.2667375,36.8456719,Kenya,2026-04-22 16:06:02
bs0061,Green,Amber,2026-04-22 16:06:02,STATE_CHANGE,-1.3087667,36.860551,Kenya,2026-04-22 16:06:02
bs0033,Amber,Green,2026-04-22 16:08:01,STATE_CHANGE,-1.2983013,36.7832031,Kenya,2026-04-22 16:08:01
bs0003,Amber,Green,2026-04-22 16:08:01,STATE_CHANGE,0.01330470798,37.07792968,Kenya,2026-04-22 16:08:01
bs0032,Red,Green,2026-04-22 16:10:01,STATE_CHANGE,-1.2965625,36.8759375,Kenya,2026-04-22 16:10:01
bs0003,Green,Amber,2026-04-22 16:10:01,STATE_CHANGE,0.01330470798,37.07792968,Kenya,2026-04-22 16:10:01
bs0017,Green,Amber,2026-04-22 16:10:01,STATE_CHANGE,-1.2667375,36.8456719,Kenya,2026-04-22 16:10:01
bs0043,Amber,Green,2026-04-22 16:10:01,STATE_CHANGE,-1.24311724,36.88041377,Kenya,2026-04-22 16:10:01
bs0043,Green,Amber,2026-04-22 16:12:01,STATE_CHANGE,-1.24311724,36.88041377,Kenya,2026-04-22 16:12:01
bs0032,Amber,Red,2026-04-22 16:14:01,STATE_CHANGE,-1.2965625,36.8759375,Kenya,2026-04-22 16:14:01
bs0008,Red,Green,2026-04-22 16:15:01,STATE_CHANGE,-1.264197845,36.80534064,Kenya,2026-04-22 16:15:01
bs0043,Red,Green,2026-04-22 16:15:01,STATE_CHANGE,-1.24311724,36.88041377,Kenya,2026-04-22 16:15:01
bs0033,Green,Amber,2026-04-22 16:16:01,STATE_CHANGE,-1.2983013,36.7832031,Kenya,2026-04-22 16:16:01
bs0009,Red,Green,2026-04-22 16:16:01,STATE_CHANGE,-1.16363732,36.95419159,Kenya,2026-04-22 16:16:01
bs0008,Amber,Red,2026-04-22 16:17:01,STATE_CHANGE,-1.264197845,36.80534064,Kenya,2026-04-22 16:17:01
bs0033,Amber,Green,2026-04-22 16:18:01,STATE_CHANGE,-1.2983013,36.7832031,Kenya,2026-04-22 16:18:01
bs0013,Amber,Red,2026-04-22 16:23:01,STATE_CHANGE,-1.2303625,36.6823281,Kenya,2026-04-22 16:23:01
bs0032,Green,Amber,2026-04-22 16:24:01,STATE_CHANGE,-1.2965625,36.8759375,Kenya,2026-04-22 16:24:01
bs0051,Amber,Green,2026-04-22 16:24:01,STATE_CHANGE,-1.308024666,36.81898027,Kenya,2026-04-22 16:24:01
bs0043,Amber,Red,2026-04-22 16:27:01,STATE_CHANGE,-1.24311724,36.88041377,Kenya,2026-04-22 16:27:01
bs0008,Green,Amber,2026-04-22 16:30:01,STATE_CHANGE,-1.264197845,36.80534064,Kenya,2026-04-22 16:30:01
bs0033,Green,Amber,2026-04-22 16:31:01,STATE_CHANGE,-1.2983013,36.7832031,Kenya,2026-04-22 16:31:01
bs0032,Red,Green,2026-04-22 16:32:01,STATE_CHANGE,-1.2965625,36.8759375,Kenya,2026-04-22 16:32:01
bs0013,Green,Amber,2026-04-22 16:34:01,STATE_CHANGE,-1.2303625,36.6823281,Kenya,2026-04-22 16:34:01
bs0051,Green,Amber,2026-04-22 16:34:01,STATE_CHANGE,-1.308024666,36.81898027,Kenya,2026-04-22 16:34:01
bs0052,Red,Green,2026-04-22 16:39:01,STATE_CHANGE,-1.2735002,36.8262477,Kenya,2026-04-22 16:39:01
bs0032,Amber,Red,2026-04-22 16:40:01,STATE_CHANGE,-1.2965625,36.8759375,Kenya,2026-04-22 16:40:01
bs0003,Red,Green,2026-04-22 16:40:01,STATE_CHANGE,0.01330470798,37.07792968,Kenya,2026-04-22 16:40:01
bs0033,Amber,Green,2026-04-22 16:41:01,STATE_CHANGE,-1.2983013,36.7832031,Kenya,2026-04-22 16:41:01
bs0003,Amber,Red,2026-04-22 16:41:01,STATE_CHANGE,0.01330470798,37.07792968,Kenya,2026-04-22 16:41:01
bs0043,Green,Amber,2026-04-22 16:41:01,STATE_CHANGE,-1.24311724,36.88041377,Kenya,2026-04-22 16:41:01
bs0008,Red,Green,2026-04-22 16:42:01,STATE_CHANGE,-1.264197845,36.80534064,Kenya,2026-04-22 16:42:01
bs0033,Green,Amber,2026-04-22 16:43:01,STATE_CHANGE,-1.2983013,36.7832031,Kenya,2026-04-22 16:43:01
bs0043,Amber,Green,2026-04-22 16:44:01,STATE_CHANGE,-1.24311724,36.88041377,Kenya,2026-04-22 16:44:01
bs0048,Amber,Red,2026-04-22 16:45:01,STATE_CHANGE,-1.294223033,36.80532385,Kenya,2026-04-22 16:45:01
bs0008,Amber,Red,2026-04-22 16:46:01,STATE_CHANGE,-1.264197845,36.80534064,Kenya,2026-04-22 16:46:01
bs0003,Green,Amber,2026-04-22 16:48:01,STATE_CHANGE,0.01330470798,37.07792968,Kenya,2026-04-22 16:48:01
bs0014,Red,Green,2026-04-22 16:52:01,STATE_CHANGE,-1.326784513,36.89444913,Kenya,2026-04-22 16:52:01
bs0032,Green,Amber,2026-04-22 16:52:01,STATE_CHANGE,-1.2965625,36.8759375,Kenya,2026-04-22 16:52:01
bs0016,Red,Green,2026-04-22 16:53:01,STATE_CHANGE,,,Unknown,2026-04-22 16:53:01
bs0017,Amber,Green,2026-04-22 16:54:01,STATE_CHANGE,-1.2667375,36.8456719,Kenya,2026-04-22 16:54:01
bs0052,Amber,Red,2026-04-22 16:54:01,STATE_CHANGE,-1.2735002,36.8262477,Kenya,2026-04-22 16:54:01
bs0048,Green,Amber,2026-04-22 16:54:01,STATE_CHANGE,-1.294223033,36.80532385,Kenya,2026-04-22 16:54:01
bs0008,Green,Amber,2026-04-22 16:56:01,STATE_CHANGE,-1.264197845,36.80534064,Kenya,2026-04-22 16:56:01
bs0016,Amber,Red,2026-04-22 16:57:01,STATE_CHANGE,,,Unknown,2026-04-22 16:57:01
bs0008,Red,Green,2026-04-22 16:58:01,STATE_CHANGE,-1.264197845,36.80534064,Kenya,2026-04-22 16:58:01
bs0008,Amber,Red,2026-04-22 16:59:01,STATE_CHANGE,-1.264197845,36.80534064,Kenya,2026-04-22 16:59:01
bs0017,Green,Amber,2026-04-22 16:59:01,STATE_CHANGE,-1.2667375,36.8456719,Kenya,2026-04-22 16:59:01
bs0043,Green,Amber,2026-04-22 16:59:01,STATE_CHANGE,-1.24311724,36.88041377,Kenya,2026-04-22 16:59:01
bs0014,Amber,Red,2026-04-22 17:00:01,STATE_CHANGE,-1.326784513,36.89444913,Kenya,2026-04-22 17:00:01
bs0043,Red,Green,2026-04-22 17:02:01,STATE_CHANGE,-1.24311724,36.88041377,Kenya,2026-04-22 17:02:01
bs0052,Green,Amber,2026-04-22 17:04:01,STATE_CHANGE,-1.2735002,36.8262477,Kenya,2026-04-22 17:04:01
bs0016,Green,Amber,2026-04-22 17:04:01,STATE_CHANGE,,,Unknown,2026-04-22 17:04:01
bs0053,Amber,Green,2026-04-22 17:05:01,STATE_CHANGE,-1.3006111,36.8250278,Kenya,2026-04-22 17:05:01
bs0065,Red,Green,2026-04-22 17:07:01,STATE_CHANGE,-1.341161382,36.75036256,Kenya,2026-04-22 17:07:01
bs0053,Green,Amber,2026-04-22 17:07:01,STATE_CHANGE,-1.3006111,36.8250278,Kenya,2026-04-22 17:07:01
bs0014,Green,Amber,2026-04-22 17:08:01,STATE_CHANGE,-1.326784513,36.89444913,Kenya,2026-04-22 17:08:01
bs0008,Green,Amber,2026-04-22 17:09:01,STATE_CHANGE,-1.264197845,36.80534064,Kenya,2026-04-22 17:09:01
bs0053,Red,Green,2026-04-22 17:10:01,STATE_CHANGE,-1.3006111,36.8250278,Kenya,2026-04-22 17:10:01
bs0052,Red,Green,2026-04-22 17:11:01,STATE_CHANGE,-1.2735002,36.8262477,Kenya,2026-04-22 17:11:01
bs0023,Red,Green,2026-04-22 17:11:01,STATE_CHANGE,-1.215112301,36.89190192,Kenya,2026-04-22 17:11:01
bs0009,Amber,Red,2026-04-22 17:12:01,STATE_CHANGE,-1.16363732,36.95419159,Kenya,2026-04-22 17:12:01
bs0043,Amber,Red,2026-04-22 17:12:01,STATE_CHANGE,-1.24311724,36.88041377,Kenya,2026-04-22 17:12:01
bs0023,Amber,Red,2026-04-22 17:13:01,STATE_CHANGE,-1.215112301,36.89190192,Kenya,2026-04-22 17:13:01
bs0026,Amber,Green,2026-04-22 17:16:01,STATE_CHANGE,-1.2152568,36.8918121,Kenya,2026-04-22 17:16:01
bs0008,Amber,Green,2026-04-22 17:17:01,STATE_CHANGE,-1.264197845,36.80534064,Kenya,2026-04-22 17:17:01
bs0053,Amber,Red,2026-04-22 17:20:01,STATE_CHANGE,-1.3006111,36.8250278,Kenya,2026-04-22 17:20:01
bs0035,Red,Green,2026-04-22 17:20:01,STATE_CHANGE,-1.3064295,36.8882947,Kenya,2026-04-22 17:20:01
bs0026,Green,Amber,2026-04-22 17:20:01,STATE_CHANGE,-1.2152568,36.8918121,Kenya,2026-04-22 17:20:01
bs0009,Grey,Amber,2026-04-22 17:21:01,STATE_CHANGE,-1.16363732,36.95419159,Kenya,2026-04-22 17:21:01
bs0026,Red,Green,2026-04-22 17:21:01,STATE_CHANGE,-1.2152568,36.8918121,Kenya,2026-04-22 17:21:01
bs0023,Green,Amber,2026-04-22 17:25:02,STATE_CHANGE,-1.215112301,36.89190192,Kenya,2026-04-22 17:25:02
bs0043,Green,Amber,2026-04-22 17:27:01,STATE_CHANGE,-1.24311724,36.88041377,Kenya,2026-04-22 17:27:01
bs0052,Amber,Red,2026-04-22 17:27:01,STATE_CHANGE,-1.2735002,36.8262477,Kenya,2026-04-22 17:27:01
bs0008,Green,Amber,2026-04-22 17:29:01,STATE_CHANGE,-1.264197845,36.80534064,Kenya,2026-04-22 17:29:01
bs0026,Amber,Red,2026-04-22 17:29:01,STATE_CHANGE,-1.2152568,36.8918121,Kenya,2026-04-22 17:29:01
bs0025,Red,Green,2026-04-22 17:30:01,STATE_CHANGE,-1.217798261,36.89793289,Kenya,2026-04-22 17:30:01
bs0053,Green,Amber,2026-04-22 17:31:01,STATE_CHANGE,-1.3006111,36.8250278,Kenya,2026-04-22 17:31:01
bs0042,Red,Green,2026-04-22 17:31:01,STATE_CHANGE,-1.3138581,36.9152761,Kenya,2026-04-22 17:31:01
bs0009,Green,Grey,2026-04-22 17:38:01,STATE_CHANGE,-1.16363732,36.95419159,Kenya,2026-04-22 17:38:01
bs0065,Amber,Red,2026-04-22 17:39:01,STATE_CHANGE,-1.341161382,36.75036256,Kenya,2026-04-22 17:39:01
bs0052,Green,Amber,2026-04-22 17:40:01,STATE_CHANGE,-1.2735002,36.8262477,Kenya,2026-04-22 17:40:01
bs0026,Green,Amber,2026-04-22 17:40:01,STATE_CHANGE,-1.2152568,36.8918121,Kenya,2026-04-22 17:40:01
bs0065,Green,Amber,2026-04-22 17:47:01,STATE_CHANGE,-1.341161382,36.75036256,Kenya,2026-04-22 17:47:01
bs0065,Red,Green,2026-04-22 17:48:02,STATE_CHANGE,-1.341161382,36.75036256,Kenya,2026-04-22 17:48:02
bs0007,Red,Green,2026-04-22 17:53:01,STATE_CHANGE,-1.293519818,36.76162793,Kenya,2026-04-22 17:53:01
bs0035,Amber,Red,2026-04-22 17:55:01,STATE_CHANGE,-1.3064295,36.8882947,Kenya,2026-04-22 17:55:01
bs0025,Amber,Red,2026-04-22 17:57:01,STATE_CHANGE,-1.217798261,36.89793289,Kenya,2026-04-22 17:57:01
bs0009,Red,Green,2026-04-22 17:59:01,STATE_CHANGE,-1.16363732,36.95419159,Kenya,2026-04-22 17:59:01
bs0035,Green,Amber,2026-04-22 18:05:01,STATE_CHANGE,-1.3064295,36.8882947,Kenya,2026-04-22 18:05:01
bs0065,Amber,Red,2026-04-22 18:06:02,STATE_CHANGE,-1.341161382,36.75036256,Kenya,2026-04-22 18:06:02
bs0025,Green,Amber,2026-04-22 18:11:01,STATE_CHANGE,-1.217798261,36.89793289,Kenya,2026-04-22 18:11:01
bs0025,Red,Green,2026-04-22 18:12:01,STATE_CHANGE,-1.217798261,36.89793289,Kenya,2026-04-22 18:12:01
bs0059,Red,Green,2026-04-22 18:18:01,STATE_CHANGE,-1.288639944,36.8023879,Kenya,2026-04-22 18:18:01
bs0065,Green,Amber,2026-04-22 18:20:01,STATE_CHANGE,-1.341161382,36.75036256,Kenya,2026-04-22 18:20:01
bs0042,Amber,Red,2026-04-22 18:21:01,STATE_CHANGE,-1.3138581,36.9152761,Kenya,2026-04-22 18:21:01
bs0025,Amber,Red,2026-04-22 18:22:01,STATE_CHANGE,-1.217798261,36.89793289,Kenya,2026-04-22 18:22:01
bs0056,Amber,Green,2026-04-22 18:23:01,STATE_CHANGE,-1.2805625,36.7363125,Kenya,2026-04-22 18:23:01
bs0056,Green,Amber,2026-04-22 18:30:01,STATE_CHANGE,-1.2805625,36.7363125,Kenya,2026-04-22 18:30:01
bs0025,Green,Amber,2026-04-22 18:36:01,STATE_CHANGE,-1.217798261,36.89793289,Kenya,2026-04-22 18:36:01
bs0042,Grey,Amber,2026-04-22 18:36:01,STATE_CHANGE,-1.3138581,36.9152761,Kenya,2026-04-22 18:36:01
bs0009,Amber,Red,2026-04-22 18:36:01,STATE_CHANGE,-1.16363732,36.95419159,Kenya,2026-04-22 18:36:01
bs0042,Green,Grey,2026-04-22 18:38:01,STATE_CHANGE,-1.3138581,36.9152761,Kenya,2026-04-22 18:38:01
bs0007,Amber,Red,2026-04-22 18:42:01,STATE_CHANGE,-1.293519818,36.76162793,Kenya,2026-04-22 18:42:01
bs0009,Red,Amber,2026-04-22 18:47:01,STATE_CHANGE,-1.16363732,36.95419159,Kenya,2026-04-22 18:47:01
bs0009,Amber,Red,2026-04-22 18:54:01,STATE_CHANGE,-1.16363732,36.95419159,Kenya,2026-04-22 18:54:01
bs0007,Grey,Amber,2026-04-22 18:58:01,STATE_CHANGE,-1.293519818,36.76162793,Kenya,2026-04-22 18:58:01
bs0059,Amber,Red,2026-04-22 19:01:02,STATE_CHANGE,-1.288639944,36.8023879,Kenya,2026-04-22 19:01:02
bs0009,Grey,Amber,2026-04-22 19:04:01,STATE_CHANGE,-1.16363732,36.95419159,Kenya,2026-04-22 19:04:01
bs0054,Red,Green,2026-04-22 19:11:01,STATE_CHANGE,-1.400266,36.9439122,Kenya,2026-04-22 19:11:01
bs0059,Green,Amber,2026-04-22 19:11:01,STATE_CHANGE,-1.288639944,36.8023879,Kenya,2026-04-22 19:11:01
bs0054,Amber,Red,2026-04-22 19:31:01,STATE_CHANGE,-1.400266,36.9439122,Kenya,2026-04-22 19:31:01
bs0056,Red,Green,2026-04-22 19:36:01,STATE_CHANGE,-1.2805625,36.7363125,Kenya,2026-04-22 19:36:01
bs0009,Green,Grey,2026-04-22 19:37:01,STATE_CHANGE,-1.16363732,36.95419159,Kenya,2026-04-22 19:37:01
bs0056,Amber,Red,2026-04-22 19:42:01,STATE_CHANGE,-1.2805625,36.7363125,Kenya,2026-04-22 19:42:01
bs0054,Green,Amber,2026-04-22 19:43:01,STATE_CHANGE,-1.400266,36.9439122,Kenya,2026-04-22 19:43:01
bs0056,Green,Amber,2026-04-22 19:55:01,STATE_CHANGE,-1.2805625,36.7363125,Kenya,2026-04-22 19:55:01
bs0025,Red,Green,2026-04-22 20:23:01,STATE_CHANGE,-1.217798261,36.89793289,Kenya,2026-04-22 20:23:01
bs0025,Amber,Red,2026-04-22 20:33:01,STATE_CHANGE,-1.217798261,36.89793289,Kenya,2026-04-22 20:33:01
bs0009,Red,Green,2026-04-22 20:38:01,STATE_CHANGE,-1.16363732,36.95419159,Kenya,2026-04-22 20:38:01
bs0025,Green,Amber,2026-04-22 20:43:01,STATE_CHANGE,-1.217798261,36.89793289,Kenya,2026-04-22 20:43:01
bs0009,Amber,Red,2026-04-22 20:47:01,STATE_CHANGE,-1.16363732,36.95419159,Kenya,2026-04-22 20:47:01
bs0009,Green,Amber,2026-04-22 21:01:01,STATE_CHANGE,-1.16363732,36.95419159,Kenya,2026-04-22 21:01:01
bs0018,Grey,Green,2026-04-22 21:38:01,STATE_CHANGE,-1.266064,36.916108,Kenya,2026-04-22 21:38:01
bs0018,Green,Grey,2026-04-23 02:10:01,STATE_CHANGE,-1.266064,36.916108,Kenya,2026-04-23 02:10:01
bs0025,Red,Green,2026-04-23 02:25:01,STATE_CHANGE,-1.217798261,36.89793289,Kenya,2026-04-23 02:25:01
bs0025,Amber,Red,2026-04-23 02:36:01,STATE_CHANGE,-1.217798261,36.89793289,Kenya,2026-04-23 02:36:01
bs0025,Green,Amber,2026-04-23 02:43:01,STATE_CHANGE,-1.217798261,36.89793289,Kenya,2026-04-23 02:43:01
bs0017,Red,Green,2026-04-23 03:27:01,STATE_CHANGE,-1.2667375,36.8456719,Kenya,2026-04-23 03:27:01
bs0017,Amber,Red,2026-04-23 04:07:01,STATE_CHANGE,-1.2667375,36.8456719,Kenya,2026-04-23 04:07:01
bs0017,Green,Amber,2026-04-23 04:15:01,STATE_CHANGE,-1.2667375,36.8456719,Kenya,2026-04-23 04:15:01
bs0009,Red,Green,2026-04-23 04:30:01,STATE_CHANGE,-1.16363732,36.95419159,Kenya,2026-04-23 04:30:01
bs0029,Red,Green,2026-04-23 04:40:01,STATE_CHANGE,-0.4216641356,36.95238229,Kenya,2026-04-23 04:40:01
bs0025,Red,Green,2026-04-23 04:47:01,STATE_CHANGE,-1.217798261,36.89793289,Kenya,2026-04-23 04:47:01
bs0025,Amber,Red,2026-04-23 04:48:01,STATE_CHANGE,-1.217798261,36.89793289,Kenya,2026-04-23 04:48:01
bs0025,Green,Amber,2026-04-23 04:53:01,STATE_CHANGE,-1.217798261,36.89793289,Kenya,2026-04-23 04:53:01
bs0034,Red,Green,2026-04-23 05:02:01,STATE_CHANGE,-0.4306375,36.9514531,Kenya,2026-04-23 05:02:01
bs0029,Amber,Red,2026-04-23 05:04:01,STATE_CHANGE,-0.4216641356,36.95238229,Kenya,2026-04-23 05:04:01
bs0003,Red,Green,2026-04-23 05:05:01,STATE_CHANGE,0.01330470798,37.07792968,Kenya,2026-04-23 05:05:01
bs0029,Green,Amber,2026-04-23 05:12:01,STATE_CHANGE,-0.4216641356,36.95238229,Kenya,2026-04-23 05:12:01
bs0009,Amber,Red,2026-04-23 05:15:01,STATE_CHANGE,-1.16363732,36.95419159,Kenya,2026-04-23 05:15:01
bs0024,Red,Green,2026-04-23 05:17:01,STATE_CHANGE,-1.2980556,36.8183333,Kenya,2026-04-23 05:17:01
bs0009,Green,Amber,2026-04-23 05:23:01,STATE_CHANGE,-1.16363732,36.95419159,Kenya,2026-04-23 05:23:01
bs0034,Amber,Red,2026-04-23 05:28:01,STATE_CHANGE,-0.4306375,36.9514531,Kenya,2026-04-23 05:28:01
bs0048,Red,Green,2026-04-23 05:30:01,STATE_CHANGE,-1.294223033,36.80532385,Kenya,2026-04-23 05:30:01
bs0034,Green,Amber,2026-04-23 05:35:01,STATE_CHANGE,-0.4306375,36.9514531,Kenya,2026-04-23 05:35:01
bs0034,Red,Green,2026-04-23 05:36:01,STATE_CHANGE,-0.4306375,36.9514531,Kenya,2026-04-23 05:36:01
bs0061,Red,Green,2026-04-23 05:46:01,STATE_CHANGE,-1.3087667,36.860551,Kenya,2026-04-23 05:46:01
bs0024,Amber,Red,2026-04-23 05:54:01,STATE_CHANGE,-1.2980556,36.8183333,Kenya,2026-04-23 05:54:01
bs0034,Amber,Red,2026-04-23 05:55:01,STATE_CHANGE,-0.4306375,36.9514531,Kenya,2026-04-23 05:55:01
bs0003,Amber,Red,2026-04-23 05:56:01,STATE_CHANGE,0.01330470798,37.07792968,Kenya,2026-04-23 05:56:01
bs0024,Green,Amber,2026-04-23 05:59:01,STATE_CHANGE,-1.2980556,36.8183333,Kenya,2026-04-23 05:59:01
bs0048,Amber,Red,2026-04-23 06:01:01,STATE_CHANGE,-1.294223033,36.80532385,Kenya,2026-04-23 06:01:01
bs0025,Red,Green,2026-04-23 06:03:01,STATE_CHANGE,-1.217798261,36.89793289,Kenya,2026-04-23 06:03:01
bs0003,Green,Amber,2026-04-23 06:03:01,STATE_CHANGE,0.01330470798,37.07792968,Kenya,2026-04-23 06:03:01
bs0034,Green,Amber,2026-04-23 06:05:01,STATE_CHANGE,-0.4306375,36.9514531,Kenya,2026-04-23 06:05:01
bs0047,Red,Green,2026-04-23 06:07:01,STATE_CHANGE,0.01485822629,37.07601655,Kenya,2026-04-23 06:07:01
bs0034,Red,Green,2026-04-23 06:11:01,STATE_CHANGE,-0.4306375,36.9514531,Kenya,2026-04-23 06:11:01
bs0033,Red,Green,2026-04-23 06:13:01,STATE_CHANGE,-1.2983013,36.7832031,Kenya,2026-04-23 06:13:01
bs0032,Red,Green,2026-04-23 06:13:01,STATE_CHANGE,-1.2965625,36.8759375,Kenya,2026-04-23 06:13:01
bs0033,Amber,Red,2026-04-23 06:14:02,STATE_CHANGE,-1.2983013,36.7832031,Kenya,2026-04-23 06:14:02
bs0048,Green,Amber,2026-04-23 06:14:02,STATE_CHANGE,-1.294223033,36.80532385,Kenya,2026-04-23 06:14:02
bs0033,Green,Amber,2026-04-23 06:23:01,STATE_CHANGE,-1.2983013,36.7832031,Kenya,2026-04-23 06:23:01
bs0032,Amber,Red,2026-04-23 06:23:01,STATE_CHANGE,-1.2965625,36.8759375,Kenya,2026-04-23 06:23:01
bs0047,Amber,Red,2026-04-23 06:24:01,STATE_CHANGE,0.01485822629,37.07601655,Kenya,2026-04-23 06:24:01
bs0061,Amber,Red,2026-04-23 06:24:01,STATE_CHANGE,-1.3087667,36.860551,Kenya,2026-04-23 06:24:01
bs0033,Amber,Green,2026-04-23 06:26:01,STATE_CHANGE,-1.2983013,36.7832031,Kenya,2026-04-23 06:26:01
bs0047,Green,Amber,2026-04-23 06:32:01,STATE_CHANGE,0.01485822629,37.07601655,Kenya,2026-04-23 06:32:01
bs0043,Red,Green,2026-04-23 06:33:01,STATE_CHANGE,-1.24311724,36.88041377,Kenya,2026-04-23 06:33:01
bs0033,Green,Amber,2026-04-23 06:34:01,STATE_CHANGE,-1.2983013,36.7832031,Kenya,2026-04-23 06:34:01
bs0048,Amber,Green,2026-04-23 06:34:01,STATE_CHANGE,-1.294223033,36.80532385,Kenya,2026-04-23 06:34:01
bs0032,Green,Amber,2026-04-23 06:35:01,STATE_CHANGE,-1.2965625,36.8759375,Kenya,2026-04-23 06:35:01
bs0048,Green,Amber,2026-04-23 06:36:01,STATE_CHANGE,-1.294223033,36.80532385,Kenya,2026-04-23 06:36:01
bs0033,Red,Green,2026-04-23 06:37:01,STATE_CHANGE,-1.2983013,36.7832031,Kenya,2026-04-23 06:37:01
bs0025,Amber,Red,2026-04-23 06:40:01,STATE_CHANGE,-1.217798261,36.89793289,Kenya,2026-04-23 06:40:01
bs0034,Amber,Red,2026-04-23 06:42:02,STATE_CHANGE,-0.4306375,36.9514531,Kenya,2026-04-23 06:42:02
bs0048,Red,Green,2026-04-23 06:42:02,STATE_CHANGE,-1.294223033,36.80532385,Kenya,2026-04-23 06:42:02
bs0061,Green,Amber,2026-04-23 06:42:02,STATE_CHANGE,-1.3087667,36.860551,Kenya,2026-04-23 06:42:02
bs0010,Red,Green,2026-04-23 06:44:01,STATE_CHANGE,-1.040930573,37.07211436,Kenya,2026-04-23 06:44:01
bs0033,Amber,Red,2026-04-23 06:47:01,STATE_CHANGE,-1.2983013,36.7832031,Kenya,2026-04-23 06:47:01
bs0032,Amber,Green,2026-04-23 06:49:01,STATE_CHANGE,-1.2965625,36.8759375,Kenya,2026-04-23 06:49:01
bs0025,Green,Amber,2026-04-23 06:50:01,STATE_CHANGE,-1.217798261,36.89793289,Kenya,2026-04-23 06:50:01
bs0010,Amber,Red,2026-04-23 06:50:01,STATE_CHANGE,-1.040930573,37.07211436,Kenya,2026-04-23 06:50:01
bs0061,Grey,Green,2026-04-23 06:51:01,STATE_CHANGE,-1.3087667,36.860551,Kenya,2026-04-23 06:51:01
bs0034,Green,Amber,2026-04-23 06:52:01,STATE_CHANGE,-0.4306375,36.9514531,Kenya,2026-04-23 06:52:01
bs0021,Amber,Green,2026-04-23 06:54:01,STATE_CHANGE,-1.2895575,36.7693693,Kenya,2026-04-23 06:54:01
bs0017,Red,Green,2026-04-23 06:54:01,STATE_CHANGE,-1.2667375,36.8456719,Kenya,2026-04-23 06:54:01
bs0033,Green,Amber,2026-04-23 06:56:01,STATE_CHANGE,-1.2983013,36.7832031,Kenya,2026-04-23 06:56:01
bs0043,Amber,Red,2026-04-23 06:56:01,STATE_CHANGE,-1.24311724,36.88041377,Kenya,2026-04-23 06:56:01
bs0032,Green,Amber,2026-04-23 06:58:01,STATE_CHANGE,-1.2965625,36.8759375,Kenya,2026-04-23 06:58:01
bs0010,Green,Amber,2026-04-23 06:59:01,STATE_CHANGE,-1.040930573,37.07211436,Kenya,2026-04-23 06:59:01
bs0021,Green,Amber,2026-04-23 07:02:01,STATE_CHANGE,-1.2895575,36.7693693,Kenya,2026-04-23 07:02:01
bs0043,Green,Amber,2026-04-23 07:04:01,STATE_CHANGE,-1.24311724,36.88041377,Kenya,2026-04-23 07:04:01
bs0043,Amber,Green,2026-04-23 07:06:01,STATE_CHANGE,-1.24311724,36.88041377,Kenya,2026-04-23 07:06:01
bs0034,Red,Green,2026-04-23 07:08:01,STATE_CHANGE,-0.4306375,36.9514531,Kenya,2026-04-23 07:08:01
bs0024,Amber,Green,2026-04-23 07:11:01,STATE_CHANGE,-1.2980556,36.8183333,Kenya,2026-04-23 07:11:01
bs0027,Amber,Green,2026-04-23 07:12:01,STATE_CHANGE,-1.2642052,36.80537588,Kenya,2026-04-23 07:12:01
bs0034,Amber,Red,2026-04-23 07:13:01,STATE_CHANGE,-0.4306375,36.9514531,Kenya,2026-04-23 07:13:01
bs0043,Green,Amber,2026-04-23 07:17:01,STATE_CHANGE,-1.24311724,36.88041377,Kenya,2026-04-23 07:17:01
bs0017,Green,Red,2026-04-23 07:18:01,STATE_CHANGE,-1.2667375,36.8456719,Kenya,2026-04-23 07:18:01
bs0027,Green,Amber,2026-04-23 07:19:01,STATE_CHANGE,-1.2642052,36.80537588,Kenya,2026-04-23 07:19:01
bs0043,Red,Green,2026-04-23 07:20:01,STATE_CHANGE,-1.24311724,36.88041377,Kenya,2026-04-23 07:20:01
bs0024,Green,Amber,2026-04-23 07:23:01,STATE_CHANGE,-1.2980556,36.8183333,Kenya,2026-04-23 07:23:01
bs0034,Green,Amber,2026-04-23 07:24:01,STATE_CHANGE,-0.4306375,36.9514531,Kenya,2026-04-23 07:24:01
bs0024,Red,Green,2026-04-23 07:27:01,STATE_CHANGE,-1.2980556,36.8183333,Kenya,2026-04-23 07:27:01
bs0033,Amber,Green,2026-04-23 07:28:01,STATE_CHANGE,-1.2983013,36.7832031,Kenya,2026-04-23 07:28:01
bs0016,Grey,Green,2026-04-23 07:29:01,STATE_CHANGE,0.005700848267,37.07249942,Kenya,2026-04-23 07:29:01
bs0048,Amber,Red,2026-04-23 07:31:01,STATE_CHANGE,-1.294223033,36.80532385,Kenya,2026-04-23 07:31:01
bs0024,Green,Red,2026-04-23 07:32:02,STATE_CHANGE,-1.2980556,36.8183333,Kenya,2026-04-23 07:32:02
bs0033,Green,Amber,2026-04-23 07:36:01,STATE_CHANGE,-1.2983013,36.7832031,Kenya,2026-04-23 07:36:01
bs0043,Amber,Red,2026-04-23 07:36:01,STATE_CHANGE,-1.24311724,36.88041377,Kenya,2026-04-23 07:36:01
bs0048,Green,Amber,2026-04-23 07:39:01,STATE_CHANGE,-1.294223033,36.80532385,Kenya,2026-04-23 07:39:01
bs0033,Amber,Green,2026-04-23 07:47:01,STATE_CHANGE,-1.2983013,36.7832031,Kenya,2026-04-23 07:47:01
bs0048,Red,Green,2026-04-23 07:48:01,STATE_CHANGE,-1.294223033,36.80532385,Kenya,2026-04-23 07:48:01
bs0033,Green,Amber,2026-04-23 07:49:01,STATE_CHANGE,-1.2983013,36.7832031,Kenya,2026-04-23 07:49:01
bs0033,Red,Green,2026-04-23 07:50:01,STATE_CHANGE,-1.2983013,36.7832031,Kenya,2026-04-23 07:50:01
bs0043,Green,Amber,2026-04-23 07:50:01,STATE_CHANGE,-1.24311724,36.88041377,Kenya,2026-04-23 07:50:01
bs0061,Green,Grey,2026-04-23 07:54:01,STATE_CHANGE,-1.3087667,36.860551,Kenya,2026-04-23 07:54:01
bs0029,Red,Green,2026-04-23 07:59:01,STATE_CHANGE,-0.4216641356,36.95238229,Kenya,2026-04-23 07:59:01
bs0029,Amber,Red,2026-04-23 08:03:01,STATE_CHANGE,-0.4216641356,36.95238229,Kenya,2026-04-23 08:03:01
bs0029,Green,Amber,2026-04-23 08:15:01,STATE_CHANGE,-0.4216641356,36.95238229,Kenya,2026-04-23 08:15:01
bs0033,Amber,Red,2026-04-23 08:16:02,STATE_CHANGE,-1.2983013,36.7832031,Kenya,2026-04-23 08:16:02
bs0048,Amber,Red,2026-04-23 08:18:01,STATE_CHANGE,-1.294223033,36.80532385,Kenya,2026-04-23 08:18:01
bs0029,Amber,Green,2026-04-23 08:19:01,STATE_CHANGE,-0.4216641356,36.95238229,Kenya,2026-04-23 08:19:01
bs0006,Amber,Green,2026-04-23 08:23:01,STATE_CHANGE,-0.4202788249,36.95064471,Kenya,2026-04-23 08:23:01
bs0043,Red,Green,2026-04-23 08:25:01,STATE_CHANGE,-1.24311724,36.88041377,Kenya,2026-04-23 08:25:01
bs0048,Green,Amber,2026-04-23 08:26:01,STATE_CHANGE,-1.294223033,36.80532385,Kenya,2026-04-23 08:26:01
bs0033,Green,Amber,2026-04-23 08:28:01,STATE_CHANGE,-1.2983013,36.7832031,Kenya,2026-04-23 08:28:01
bs0006,Green,Amber,2026-04-23 08:29:01,STATE_CHANGE,-0.4202788249,36.95064471,Kenya,2026-04-23 08:29:01
bs0029,Green,Amber,2026-04-23 08:31:01,STATE_CHANGE,-0.4216641356,36.95238229,Kenya,2026-04-23 08:31:01
bs0033,Amber,Green,2026-04-23 08:31:01,STATE_CHANGE,-1.2983013,36.7832031,Kenya,2026-04-23 08:31:01
bs0054,Red,Green,2026-04-23 08:35:01,STATE_CHANGE,-1.400266,36.9439122,Kenya,2026-04-23 08:35:01
bs0048,Red,Green,2026-04-23 08:37:01,STATE_CHANGE,-1.294223033,36.80532385,Kenya,2026-04-23 08:37:01
bs0033,Green,Amber,2026-04-23 08:38:01,STATE_CHANGE,-1.2983013,36.7832031,Kenya,2026-04-23 08:38:01
bs0048,Amber,Red,2026-04-23 08:40:01,STATE_CHANGE,-1.294223033,36.80532385,Kenya,2026-04-23 08:40:01
bs0043,Amber,Red,2026-04-23 08:48:01,STATE_CHANGE,-1.24311724,36.88041377,Kenya,2026-04-23 08:48:01
bs0048,Green,Amber,2026-04-23 08:51:01,STATE_CHANGE,-1.294223033,36.80532385,Kenya,2026-04-23 08:51:01
bs0054,Amber,Red,2026-04-23 08:52:01,STATE_CHANGE,-1.400266,36.9439122,Kenya,2026-04-23 08:52:01
bs0034,Red,Green,2026-04-23 08:53:01,STATE_CHANGE,-0.4306375,36.9514531,Kenya,2026-04-23 08:53:01
bs0054,Green,Amber,2026-04-23 09:02:01,STATE_CHANGE,-1.400266,36.9439122,Kenya,2026-04-23 09:02:01
bs0043,Green,Amber,2026-04-23 09:03:01,STATE_CHANGE,-1.24311724,36.88041377,Kenya,2026-04-23 09:03:01
bs0002,Red,Green,2026-04-23 09:04:01,STATE_CHANGE,0.005700848267,37.07249942,Kenya,2026-04-23 09:04:01
bs0043,Red,Green,2026-04-23 09:09:01,STATE_CHANGE,-1.24311724,36.88041377,Kenya,2026-04-23 09:09:01
bs0006,Amber,Green,2026-04-23 09:14:01,STATE_CHANGE,-0.4202788249,36.95064471,Kenya,2026-04-23 09:14:01
bs0034,Amber,Red,2026-04-23 09:20:01,STATE_CHANGE,-0.4306375,36.9514531,Kenya,2026-04-23 09:20:01
bs0043,Amber,Red,2026-04-23 09:21:01,STATE_CHANGE,-1.24311724,36.88041377,Kenya,2026-04-23 09:21:01
bs0006,Green,Amber,2026-04-23 09:22:01,STATE_CHANGE,-0.4202788249,36.95064471,Kenya,2026-04-23 09:22:01
bs0024,Amber,Green,2026-04-23 09:27:01,STATE_CHANGE,-1.2980556,36.8183333,Kenya,2026-04-23 09:27:01
bs0003,Amber,Green,2026-04-23 09:29:01,STATE_CHANGE,0.01330470798,37.07792968,Kenya,2026-04-23 09:29:01
bs0043,Green,Amber,2026-04-23 09:29:01,STATE_CHANGE,-1.24311724,36.88041377,Kenya,2026-04-23 09:29:01
bs0034,Red,Amber,2026-04-23 09:30:02,STATE_CHANGE,-0.4306375,36.9514531,Kenya,2026-04-23 09:30:02
bs0043,Amber,Green,2026-04-23 09:33:01,STATE_CHANGE,-1.24311724,36.88041377,Kenya,2026-04-23 09:33:01
bs0024,Green,Amber,2026-04-23 09:36:01,STATE_CHANGE,-1.2980556,36.8183333,Kenya,2026-04-23 09:36:01
bs0002,Amber,Red,2026-04-23 09:37:01,STATE_CHANGE,0.005700848267,37.07249942,Kenya,2026-04-23 09:37:01
bs0034,Green,Red,2026-04-23 09:38:01,STATE_CHANGE,-0.4306375,36.9514531,Kenya,2026-04-23 09:38:01
bs0003,Green,Amber,2026-04-23 09:39:01,STATE_CHANGE,0.01330470798,37.07792968,Kenya,2026-04-23 09:39:01
bs0043,Green,Amber,2026-04-23 09:40:01,STATE_CHANGE,-1.24311724,36.88041377,Kenya,2026-04-23 09:40:01
bs0002,Green,Amber,2026-04-23 09:43:01,STATE_CHANGE,0.005700848267,37.07249942,Kenya,2026-04-23 09:43:01
bs0008,Red,Green,2026-04-23 09:46:01,STATE_CHANGE,-1.264197845,36.80534064,Kenya,2026-04-23 09:46:01
bs0043,Red,Green,2026-04-23 09:49:01,STATE_CHANGE,-1.24311724,36.88041377,Kenya,2026-04-23 09:49:01
bs0008,Amber,Red,2026-04-23 09:52:01,STATE_CHANGE,-1.264197845,36.80534064,Kenya,2026-04-23 09:52:01
bs0048,Grey,Green,2026-04-23 09:56:01,STATE_CHANGE,-1.294223033,36.80532385,Kenya,2026-04-23 09:56:01
bs0008,Green,Amber,2026-04-23 10:01:01,STATE_CHANGE,-1.264197845,36.80534064,Kenya,2026-04-23 10:01:01
bs0060,Red,Green,2026-04-23 10:07:01,STATE_CHANGE,-1.3067683,36.7361657,Kenya,2026-04-23 10:07:01
bs0024,Red,Green,2026-04-23 10:07:01,STATE_CHANGE,-1.2980556,36.8183333,Kenya,2026-04-23 10:07:01
bs0043,Amber,Red,2026-04-23 10:09:01,STATE_CHANGE,-1.24311724,36.88041377,Kenya,2026-04-23 10:09:01
bs0024,Amber,Red,2026-04-23 10:24:02,STATE_CHANGE,-1.2980556,36.8183333,Kenya,2026-04-23 10:24:02
bs0043,Green,Amber,2026-04-23 10:24:02,STATE_CHANGE,-1.24311724,36.88041377,Kenya,2026-04-23 10:24:02
bs0009,Red,Green,2026-04-23 10:26:01,STATE_CHANGE,-1.16363732,36.95419159,Kenya,2026-04-23 10:26:01
bs0065,Amber,Green,2026-04-23 10:31:01,STATE_CHANGE,-1.341161382,36.75036256,Kenya,2026-04-23 10:31:01
bs0033,Red,Green,2026-04-23 10:32:01,STATE_CHANGE,-1.2983013,36.7832031,Kenya,2026-04-23 10:32:01
bs0024,Green,Amber,2026-04-23 10:32:01,STATE_CHANGE,-1.2980556,36.8183333,Kenya,2026-04-23 10:32:01
bs0031,Red,Green,2026-04-23 10:33:01,STATE_CHANGE,-1.293759326,36.85065024,Kenya,2026-04-23 10:33:01
bs0024,Red,Green,2026-04-23 10:35:01,STATE_CHANGE,-1.2980556,36.8183333,Kenya,2026-04-23 10:35:01
bs0065,Green,Amber,2026-04-23 10:36:01,STATE_CHANGE,-1.341161382,36.75036256,Kenya,2026-04-23 10:36:01
bs0043,Red,Green,2026-04-23 10:36:01,STATE_CHANGE,-1.24311724,36.88041377,Kenya,2026-04-23 10:36:01
bs0003,Red,Green,2026-04-23 10:40:01,STATE_CHANGE,0.01330470798,37.07792968,Kenya,2026-04-23 10:40:01
bs0060,Amber,Red,2026-04-23 10:41:01,STATE_CHANGE,-1.3067683,36.7361657,Kenya,2026-04-23 10:41:01
bs0032,Amber,Green,2026-04-23 10:41:01,STATE_CHANGE,-1.2965625,36.8759375,Kenya,2026-04-23 10:41:01
bs0032,Green,Amber,2026-04-23 10:43:01,STATE_CHANGE,-1.2965625,36.8759375,Kenya,2026-04-23 10:43:01
bs0029,Grey,Green,2026-04-23 10:45:01,STATE_CHANGE,-0.4216641356,36.95238229,Kenya,2026-04-23 10:45:01
bs0032,Red,Green,2026-04-23 10:45:01,STATE_CHANGE,-1.2965625,36.8759375,Kenya,2026-04-23 10:45:01
bs0033,Amber,Red,2026-04-23 10:46:01,STATE_CHANGE,-1.2983013,36.7832031,Kenya,2026-04-23 10:46:01
bs0031,Amber,Red,2026-04-23 10:48:01,STATE_CHANGE,-1.293759326,36.85065024,Kenya,2026-04-23 10:48:01
bs0065,Red,Green,2026-04-23 10:50:01,STATE_CHANGE,-1.341161382,36.75036256,Kenya,2026-04-23 10:50:01
bs0060,Red,Amber,2026-04-23 10:50:01,STATE_CHANGE,-1.3067683,36.7361657,Kenya,2026-04-23 10:50:01
bs0024,Amber,Red,2026-04-23 10:51:01,STATE_CHANGE,-1.2980556,36.8183333,Kenya,2026-04-23 10:51:01
bs0033,Green,Amber,2026-04-23 10:52:01,STATE_CHANGE,-1.2983013,36.7832031,Kenya,2026-04-23 10:52:01
bs0031,Green,Amber,2026-04-23 10:56:01,STATE_CHANGE,-1.293759326,36.85065024,Kenya,2026-04-23 10:56:01
bs0003,Green,Red,2026-04-23 10:57:01,STATE_CHANGE,0.01330470798,37.07792968,Kenya,2026-04-23 10:57:01
bs0043,Amber,Red,2026-04-23 11:01:01,STATE_CHANGE,-1.24311724,36.88041377,Kenya,2026-04-23 11:01:01
bs0014,Red,Green,2026-04-23 11:02:01,STATE_CHANGE,-1.326784513,36.89444913,Kenya,2026-04-23 11:02:01
bs0031,Amber,Green,2026-04-23 11:03:01,STATE_CHANGE,-1.293759326,36.85065024,Kenya,2026-04-23 11:03:01
bs0060,Amber,Red,2026-04-23 11:04:01,STATE_CHANGE,-1.3067683,36.7361657,Kenya,2026-04-23 11:04:01
bs0033,Red,Green,2026-04-23 11:05:01,STATE_CHANGE,-1.2983013,36.7832031,Kenya,2026-04-23 11:05:01
bs0024,Green,Amber,2026-04-23 11:06:01,STATE_CHANGE,-1.2980556,36.8183333,Kenya,2026-04-23 11:06:01
bs0031,Green,Amber,2026-04-23 11:09:01,STATE_CHANGE,-1.293759326,36.85065024,Kenya,2026-04-23 11:09:01
bs0009,Amber,Red,2026-04-23 11:10:01,STATE_CHANGE,-1.16363732,36.95419159,Kenya,2026-04-23 11:10:01
bs0060,Grey,Amber,2026-04-23 11:12:01,STATE_CHANGE,-1.3067683,36.7361657,Kenya,2026-04-23 11:12:01
bs0032,Amber,Red,2026-04-23 11:12:01,STATE_CHANGE,-1.2965625,36.8759375,Kenya,2026-04-23 11:12:01
bs0043,Green,Amber,2026-04-23 11:16:01,STATE_CHANGE,-1.24311724,36.88041377,Kenya,2026-04-23 11:16:01
bs0033,Amber,Red,2026-04-23 11:19:01,STATE_CHANGE,-1.2983013,36.7832031,Kenya,2026-04-23 11:19:01
bs0032,Green,Amber,2026-04-23 11:22:01,STATE_CHANGE,-1.2965625,36.8759375,Kenya,2026-04-23 11:22:01
bs0065,Amber,Red,2026-04-23 11:25:01,STATE_CHANGE,-1.341161382,36.75036256,Kenya,2026-04-23 11:25:01
bs0009,Green,Amber,2026-04-23 11:25:01,STATE_CHANGE,-1.16363732,36.95419159,Kenya,2026-04-23 11:25:01
bs0009,Amber,Green,2026-04-23 11:28:01,STATE_CHANGE,-1.16363732,36.95419159,Kenya,2026-04-23 11:28:01
bs0008,Red,Green,2026-04-23 11:28:01,STATE_CHANGE,-1.264197845,36.80534064,Kenya,2026-04-23 11:28:01
bs0033,Green,Amber,2026-04-23 11:29:01,STATE_CHANGE,-1.2983013,36.7832031,Kenya,2026-04-23 11:29:01
bs0021,Red,Green,2026-04-23 11:31:01,STATE_CHANGE,-1.2895575,36.7693693,Kenya,2026-04-23 11:31:01
bs0009,Grey,Amber,2026-04-23 11:31:01,STATE_CHANGE,-1.16363732,36.95419159,Kenya,2026-04-23 11:31:01
bs0009,Green,Grey,2026-04-23 11:32:01,STATE_CHANGE,-1.16363732,36.95419159,Kenya,2026-04-23 11:32:01
bs0008,Amber,Red,2026-04-23 11:32:01,STATE_CHANGE,-1.264197845,36.80534064,Kenya,2026-04-23 11:32:01
bs0065,Green,Amber,2026-04-23 11:34:01,STATE_CHANGE,-1.341161382,36.75036256,Kenya,2026-04-23 11:34:01
bs0024,Amber,Green,2026-04-23 11:37:02,STATE_CHANGE,-1.2980556,36.8183333,Kenya,2026-04-23 11:37:02
bs0021,Amber,Red,2026-04-23 11:38:01,STATE_CHANGE,-1.2895575,36.7693693,Kenya,2026-04-23 11:38:01
bs0033,Red,Green,2026-04-23 11:39:01,STATE_CHANGE,-1.2983013,36.7832031,Kenya,2026-04-23 11:39:01
bs0024,Grey,Amber,2026-04-23 11:40:01,STATE_CHANGE,-1.2980556,36.8183333,Kenya,2026-04-23 11:40:01
bs0008,Green,Amber,2026-04-23 11:44:01,STATE_CHANGE,-1.264197845,36.80534064,Kenya,2026-04-23 11:44:01
bs0024,Green,Grey,2026-04-23 11:45:01,STATE_CHANGE,-1.2980556,36.8183333,Kenya,2026-04-23 11:45:01
bs0021,Green,Amber,2026-04-23 11:50:01,STATE_CHANGE,-1.2895575,36.7693693,Kenya,2026-04-23 11:50:01
bs0014,Amber,Red,2026-04-23 11:50:01,STATE_CHANGE,-1.326784513,36.89444913,Kenya,2026-04-23 11:50:01
bs0008,Amber,Green,2026-04-23 11:56:01,STATE_CHANGE,-1.264197845,36.80534064,Kenya,2026-04-23 11:56:01
bs0008,Green,Amber,2026-04-23 11:57:01,STATE_CHANGE,-1.264197845,36.80534064,Kenya,2026-04-23 11:57:01
bs0033,Amber,Red,2026-04-23 12:01:01,STATE_CHANGE,-1.2983013,36.7832031,Kenya,2026-04-23 12:01:01
bs0021,Red,Green,2026-04-23 12:02:01,STATE_CHANGE,-1.2895575,36.7693693,Kenya,2026-04-23 12:02:01
bs0049,Red,Green,2026-04-23 12:05:01,STATE_CHANGE,-1.2908848,36.7325891,Kenya,2026-04-23 12:05:01
bs0014,Green,Amber,2026-04-23 12:07:01,STATE_CHANGE,-1.326784513,36.89444913,Kenya,2026-04-23 12:07:01
bs0021,Amber,Red,2026-04-23 12:09:01,STATE_CHANGE,-1.2895575,36.7693693,Kenya,2026-04-23 12:09:01
bs0033,Green,Amber,2026-04-23 12:11:01,STATE_CHANGE,-1.2983013,36.7832031,Kenya,2026-04-23 12:11:01
bs0021,Green,Amber,2026-04-23 12:19:01,STATE_CHANGE,-1.2895575,36.7693693,Kenya,2026-04-23 12:19:01
bs0006,Red,Green,2026-04-23 12:20:01,STATE_CHANGE,-0.4202788249,36.95064471,Kenya,2026-04-23 12:20:01
bs0029,Green,Grey,2026-04-23 12:21:02,STATE_CHANGE,-0.4216641356,36.95238229,Kenya,2026-04-23 12:21:02
bs0043,Red,Green,2026-04-23 12:31:02,STATE_CHANGE,-1.24311724,36.88041377,Kenya,2026-04-23 12:31:02
bs0049,Amber,Red,2026-04-23 12:35:01,STATE_CHANGE,-1.2908848,36.7325891,Kenya,2026-04-23 12:35:01
bs0018,Red,Green,2026-04-23 12:35:01,STATE_CHANGE,-1.266064,36.916108,Kenya,2026-04-23 12:35:01
bs0043,Amber,Red,2026-04-23 12:37:01,STATE_CHANGE,-1.24311724,36.88041377,Kenya,2026-04-23 12:37:01
bs0049,Green,Amber,2026-04-23 12:43:01,STATE_CHANGE,-1.2908848,36.7325891,Kenya,2026-04-23 12:43:01
bs0041,Red,Green,2026-04-23 12:44:01,STATE_CHANGE,-1.277534452,36.79393909,Kenya,2026-04-23 12:44:01
bs0053,Red,Green,2026-04-23 12:45:01,STATE_CHANGE,-1.3006111,36.8250278,Kenya,2026-04-23 12:45:01
bs0043,Green,Amber,2026-04-23 12:46:01,STATE_CHANGE,-1.24311724,36.88041377,Kenya,2026-04-23 12:46:01
bs0052,Red,Green,2026-04-23 12:46:01,STATE_CHANGE,-1.2735002,36.8262477,Kenya,2026-04-23 12:46:01
bs0018,Amber,Red,2026-04-23 12:49:01,STATE_CHANGE,-1.266064,36.916108,Kenya,2026-04-23 12:49:01
bs0043,Red,Green,2026-04-23 12:52:01,STATE_CHANGE,-1.24311724,36.88041377,Kenya,2026-04-23 12:52:01
bs0052,Amber,Red,2026-04-23 12:56:01,STATE_CHANGE,-1.2735002,36.8262477,Kenya,2026-04-23 12:56:01
bs0018,Grey,Amber,2026-04-23 12:57:02,STATE_CHANGE,-1.266064,36.916108,Kenya,2026-04-23 12:57:02
bs0043,Amber,Red,2026-04-23 12:57:02,STATE_CHANGE,-1.24311724,36.88041377,Kenya,2026-04-23 12:57:02
bs0006,Amber,Red,2026-04-23 13:05:01,STATE_CHANGE,-0.4202788249,36.95064471,Kenya,2026-04-23 13:05:01
bs0043,Green,Amber,2026-04-23 13:05:01,STATE_CHANGE,-1.24311724,36.88041377,Kenya,2026-04-23 13:05:01
bs0053,Amber,Red,2026-04-23 13:06:01,STATE_CHANGE,-1.3006111,36.8250278,Kenya,2026-04-23 13:06:01
bs0003,Red,Green,2026-04-23 13:06:01,STATE_CHANGE,0.01330470798,37.07792968,Kenya,2026-04-23 13:06:01
bs0052,Green,Amber,2026-04-23 13:06:01,STATE_CHANGE,-1.2735002,36.8262477,Kenya,2026-04-23 13:06:01
bs0034,Red,Green,2026-04-23 13:09:01,STATE_CHANGE,-0.4306375,36.9514531,Kenya,2026-04-23 13:09:01
bs0052,Red,Green,2026-04-23 13:09:01,STATE_CHANGE,-1.2735002,36.8262477,Kenya,2026-04-23 13:09:01
bs0053,Green,Amber,2026-04-23 13:13:01,STATE_CHANGE,-1.3006111,36.8250278,Kenya,2026-04-23 13:13:01
bs0003,Amber,Red,2026-04-23 13:14:01,STATE_CHANGE,0.01330470798,37.07792968,Kenya,2026-04-23 13:14:01
bs0034,Amber,Red,2026-04-23 13:17:01,STATE_CHANGE,-0.4306375,36.9514531,Kenya,2026-04-23 13:17:01
bs0033,Red,Green,2026-04-23 13:18:01,STATE_CHANGE,-1.2983013,36.7832031,Kenya,2026-04-23 13:18:01
bs0006,Green,Amber,2026-04-23 13:20:01,STATE_CHANGE,-0.4202788249,36.95064471,Kenya,2026-04-23 13:20:01
bs0053,Red,Green,2026-04-23 13:24:01,STATE_CHANGE,-1.3006111,36.8250278,Kenya,2026-04-23 13:24:01
bs0033,Amber,Red,2026-04-23 13:24:01,STATE_CHANGE,-1.2983013,36.7832031,Kenya,2026-04-23 13:24:01
bs0052,Amber,Red,2026-04-23 13:24:01,STATE_CHANGE,-1.2735002,36.8262477,Kenya,2026-04-23 13:24:01
bs0034,Green,Amber,2026-04-23 13:27:01,STATE_CHANGE,-0.4306375,36.9514531,Kenya,2026-04-23 13:27:01
bs0003,Green,Amber,2026-04-23 13:29:01,STATE_CHANGE,0.01330470798,37.07792968,Kenya,2026-04-23 13:29:01
bs0041,Amber,Red,2026-04-23 13:33:01,STATE_CHANGE,-1.277534452,36.79393909,Kenya,2026-04-23 13:33:01
bs0053,Amber,Red,2026-04-23 13:35:01,STATE_CHANGE,-1.3006111,36.8250278,Kenya,2026-04-23 13:35:01
bs0033,Green,Amber,2026-04-23 13:35:01,STATE_CHANGE,-1.2983013,36.7832031,Kenya,2026-04-23 13:35:01
bs0024,Amber,Green,2026-04-23 13:36:02,STATE_CHANGE,-1.2980556,36.8183333,Kenya,2026-04-23 13:36:02
bs0052,Green,Amber,2026-04-23 13:37:01,STATE_CHANGE,-1.2735002,36.8262477,Kenya,2026-04-23 13:37:01
bs0036,Red,Green,2026-04-23 13:38:01,STATE_CHANGE,-1.3965625,36.7434375,Kenya,2026-04-23 13:38:01
bs0041,Green,Amber,2026-04-23 13:43:01,STATE_CHANGE,-1.277534452,36.79393909,Kenya,2026-04-23 13:43:01
bs0053,Green,Amber,2026-04-23 13:44:01,STATE_CHANGE,-1.3006111,36.8250278,Kenya,2026-04-23 13:44:01
bs0064,Red,Green,2026-04-23 13:46:01,STATE_CHANGE,-1.1674531,36.9638317,Kenya,2026-04-23 13:46:01
bs0021,Amber,Green,2026-04-23 13:47:01,STATE_CHANGE,-1.2895575,36.7693693,Kenya,2026-04-23 13:47:01
bs0024,Green,Amber,2026-04-23 13:50:01,STATE_CHANGE,-1.2980556,36.8183333,Kenya,2026-04-23 13:50:01
bs0021,Green,Amber,2026-04-23 13:52:01,STATE_CHANGE,-1.2895575,36.7693693,Kenya,2026-04-23 13:52:01
bs0008,Amber,Green,2026-04-23 13:53:01,STATE_CHANGE,-1.264197845,36.80534064,Kenya,2026-04-23 13:53:01
bs0064,Amber,Red,2026-04-23 13:54:01,STATE_CHANGE,-1.1674531,36.9638317,Kenya,2026-04-23 13:54:01
bs0007,Green,Grey,2026-04-23 13:54:01,STATE_CHANGE,-1.293519818,36.76162793,Kenya,2026-04-23 13:54:01
bs0008,Green,Amber,2026-04-23 14:00:02,STATE_CHANGE,-1.264197845,36.80534064,Kenya,2026-04-23 14:00:02
bs0025,Red,Green,2026-04-23 14:02:02,STATE_CHANGE,-1.217798261,36.89793289,Kenya,2026-04-23 14:02:02
bs0064,Green,Amber,2026-04-23 14:03:01,STATE_CHANGE,-1.1674531,36.9638317,Kenya,2026-04-23 14:03:01
bs0033,Amber,Green,2026-04-23 14:06:01,STATE_CHANGE,-1.2983013,36.7832031,Kenya,2026-04-23 14:06:01
bs0009,Red,Green,2026-04-23 14:11:01,STATE_CHANGE,-1.16363732,36.95419159,Kenya,2026-04-23 14:11:01
bs0018,Green,Grey,2026-04-23 14:11:01,STATE_CHANGE,-1.266064,36.916108,Kenya,2026-04-23 14:11:01
bs0043,Red,Green,2026-04-23 14:11:01,STATE_CHANGE,-1.24311724,36.88041377,Kenya,2026-04-23 14:11:01
bs0025,Amber,Red,2026-04-23 14:15:01,STATE_CHANGE,-1.217798261,36.89793289,Kenya,2026-04-23 14:15:01
bs0033,Green,Amber,2026-04-23 14:16:01,STATE_CHANGE,-1.2983013,36.7832031,Kenya,2026-04-23 14:16:01
bs0027,Red,Green,2026-04-23 14:16:01,STATE_CHANGE,-1.2642052,36.80537588,Kenya,2026-04-23 14:16:01
bs0043,Amber,Red,2026-04-23 14:16:01,STATE_CHANGE,-1.24311724,36.88041377,Kenya,2026-04-23 14:16:01
bs0035,Red,Green,2026-04-23 14:17:01,STATE_CHANGE,-1.3064295,36.8882947,Kenya,2026-04-23 14:17:01
bs0043,Green,Amber,2026-04-23 14:18:02,STATE_CHANGE,-1.24311724,36.88041377,Kenya,2026-04-23 14:18:02
bs0036,Amber,Red,2026-04-23 14:19:01,STATE_CHANGE,-1.3965625,36.7434375,Kenya,2026-04-23 14:19:01
bs0034,Amber,Green,2026-04-23 14:20:01,STATE_CHANGE,-0.4306375,36.9514531,Kenya,2026-04-23 14:20:01
bs0027,Amber,Red,2026-04-23 14:20:01,STATE_CHANGE,-1.2642052,36.80537588,Kenya,2026-04-23 14:20:01
bs0024,Red,Green,2026-04-23 14:20:01,STATE_CHANGE,-1.2980556,36.8183333,Kenya,2026-04-23 14:20:01
bs0025,Green,Amber,2026-04-23 14:22:01,STATE_CHANGE,-1.217798261,36.89793289,Kenya,2026-04-23 14:22:01
bs0034,Green,Amber,2026-04-23 14:23:01,STATE_CHANGE,-0.4306375,36.9514531,Kenya,2026-04-23 14:23:01
bs0029,Amber,Green,2026-04-23 14:24:01,STATE_CHANGE,-0.4216641356,36.95238229,Kenya,2026-04-23 14:24:01
bs0022,Red,Green,2026-04-23 14:24:01,STATE_CHANGE,-1.259370926,36.81692897,Kenya,2026-04-23 14:24:01
bs0018,Red,Green,2026-04-23 14:24:01,STATE_CHANGE,-1.266064,36.916108,Kenya,2026-04-23 14:24:01
bs0029,Green,Amber,2026-04-23 14:25:01,STATE_CHANGE,-0.4216641356,36.95238229,Kenya,2026-04-23 14:25:01
bs0043,Amber,Green,2026-04-23 14:25:01,STATE_CHANGE,-1.24311724,36.88041377,Kenya,2026-04-23 14:25:01
bs0018,Amber,Red,2026-04-23 14:27:01,STATE_CHANGE,-1.266064,36.916108,Kenya,2026-04-23 14:27:01
bs0030,Red,Green,2026-04-23 14:28:02,STATE_CHANGE,-1.32456511,36.79599158,Kenya,2026-04-23 14:28:02
bs0036,Green,Amber,2026-04-23 14:28:02,STATE_CHANGE,-1.3965625,36.7434375,Kenya,2026-04-23 14:28:02
bs0009,Amber,Red,2026-04-23 14:30:01,STATE_CHANGE,-1.16363732,36.95419159,Kenya,2026-04-23 14:30:01
bs0027,Green,Amber,2026-04-23 14:30:01,STATE_CHANGE,-1.2642052,36.80537588,Kenya,2026-04-23 14:30:01
bs0033,Red,Green,2026-04-23 14:31:01,STATE_CHANGE,-1.2983013,36.7832031,Kenya,2026-04-23 14:31:01
bs0024,Amber,Red,2026-04-23 14:31:01,STATE_CHANGE,-1.2980556,36.8183333,Kenya,2026-04-23 14:31:01
bs0043,Green,Amber,2026-04-23 14:32:01,STATE_CHANGE,-1.24311724,36.88041377,Kenya,2026-04-23 14:32:01
bs0022,Amber,Red,2026-04-23 14:33:01,STATE_CHANGE,-1.259370926,36.81692897,Kenya,2026-04-23 14:33:01
bs0018,Green,Amber,2026-04-23 14:35:01,STATE_CHANGE,-1.266064,36.916108,Kenya,2026-04-23 14:35:01
bs0024,Green,Amber,2026-04-23 14:39:01,STATE_CHANGE,-1.2980556,36.8183333,Kenya,2026-04-23 14:39:01
bs0022,Green,Amber,2026-04-23 14:42:01,STATE_CHANGE,-1.259370926,36.81692897,Kenya,2026-04-23 14:42:01
bs0009,Green,Amber,2026-04-23 14:45:02,STATE_CHANGE,-1.16363732,36.95419159,Kenya,2026-04-23 14:45:02
bs0033,Amber,Red,2026-04-23 14:46:01,STATE_CHANGE,-1.2983013,36.7832031,Kenya,2026-04-23 14:46:01
bs0034,Red,Green,2026-04-23 14:46:01,STATE_CHANGE,-0.4306375,36.9514531,Kenya,2026-04-23 14:46:01
bs0035,Amber,Red,2026-04-23 14:56:01,STATE_CHANGE,-1.3064295,36.8882947,Kenya,2026-04-23 14:56:01
bs0008,Red,Green,2026-04-23 14:58:01,STATE_CHANGE,-1.264197845,36.80534064,Kenya,2026-04-23 14:58:01
bs0059,Red,Green,2026-04-23 14:58:01,STATE_CHANGE,-1.288639944,36.8023879,Kenya,2026-04-23 14:58:01
bs0033,Green,Amber,2026-04-23 15:00:02,STATE_CHANGE,-1.2983013,36.7832031,Kenya,2026-04-23 15:00:02
bs0033,Red,Green,2026-04-23 15:03:01,STATE_CHANGE,-1.2983013,36.7832031,Kenya,2026-04-23 15:03:01
bs0030,Amber,Red,2026-04-23 15:05:01,STATE_CHANGE,-1.32456511,36.79599158,Kenya,2026-04-23 15:05:01
bs0035,Green,Amber,2026-04-23 15:06:02,STATE_CHANGE,-1.3064295,36.8882947,Kenya,2026-04-23 15:06:02
bs0035,Amber,Green,2026-04-23 15:08:01,STATE_CHANGE,-1.3064295,36.8882947,Kenya,2026-04-23 15:08:01
bs0005,Amber,Green,2026-04-23 15:10:01,STATE_CHANGE,0.01487218269,37.07605716,Kenya,2026-04-23 15:10:01
bs0059,Amber,Red,2026-04-23 15:14:01,STATE_CHANGE,-1.288639944,36.8023879,Kenya,2026-04-23 15:14:01
bs0030,Green,Amber,2026-04-23 15:15:01,STATE_CHANGE,-1.32456511,36.79599158,Kenya,2026-04-23 15:15:01
bs0057,Red,Green,2026-04-23 15:15:01,STATE_CHANGE,-1.1701402,36.8273317,Kenya,2026-04-23 15:15:01
bs0005,Green,Amber,2026-04-23 15:15:01,STATE_CHANGE,0.01487218269,37.07605716,Kenya,2026-04-23 15:15:01
bs0035,Green,Amber,2026-04-23 15:18:01,STATE_CHANGE,-1.3064295,36.8882947,Kenya,2026-04-23 15:18:01
bs0053,Amber,Green,2026-04-23 15:20:01,STATE_CHANGE,-1.3006111,36.8250278,Kenya,2026-04-23 15:20:01
bs0034,Amber,Red,2026-04-23 15:20:01,STATE_CHANGE,-0.4306375,36.9514531,Kenya,2026-04-23 15:20:01
bs0033,Amber,Red,2026-04-23 15:22:02,STATE_CHANGE,-1.2983013,36.7832031,Kenya,2026-04-23 15:22:02
bs0036,Red,Green,2026-04-23 15:23:01,STATE_CHANGE,-1.3965625,36.7434375,Kenya,2026-04-23 15:23:01
bs0008,Amber,Red,2026-04-23 15:26:01,STATE_CHANGE,-1.264197845,36.80534064,Kenya,2026-04-23 15:26:01
bs0034,Red,Amber,2026-04-23 15:28:01,STATE_CHANGE,-0.4306375,36.9514531,Kenya,2026-04-23 15:28:01
bs0064,Red,Green,2026-04-23 15:29:01,STATE_CHANGE,-1.1674531,36.9638317,Kenya,2026-04-23 15:29:01
bs0059,Green,Amber,2026-04-23 15:29:01,STATE_CHANGE,-1.288639944,36.8023879,Kenya,2026-04-23 15:29:01
bs0053,Green,Amber,2026-04-23 15:31:01,STATE_CHANGE,-1.3006111,36.8250278,Kenya,2026-04-23 15:31:01
bs0033,Green,Amber,2026-04-23 15:33:01,STATE_CHANGE,-1.2983013,36.7832031,Kenya,2026-04-23 15:33:01
bs0008,Green,Amber,2026-04-23 15:33:01,STATE_CHANGE,-1.264197845,36.80534064,Kenya,2026-04-23 15:33:01
bs0025,Red,Green,2026-04-23 15:35:01,STATE_CHANGE,-1.217798261,36.89793289,Kenya,2026-04-23 15:35:01
bs0008,Amber,Green,2026-04-23 15:36:01,STATE_CHANGE,-1.264197845,36.80534064,Kenya,2026-04-23 15:36:01
bs0034,Green,Red,2026-04-23 15:38:01,STATE_CHANGE,-0.4306375,36.9514531,Kenya,2026-04-23 15:38:01
bs0034,Red,Green,2026-04-23 15:42:01,STATE_CHANGE,-0.4306375,36.9514531,Kenya,2026-04-23 15:42:01
bs0036,Amber,Red,2026-04-23 15:42:01,STATE_CHANGE,-1.3965625,36.7434375,Kenya,2026-04-23 15:42:01
bs0034,Amber,Red,2026-04-23 15:43:02,STATE_CHANGE,-0.4306375,36.9514531,Kenya,2026-04-23 15:43:02
bs0038,Grey,Green,2026-04-23 15:44:01,STATE_CHANGE,-1.27413665,36.78867514,Kenya,2026-04-23 15:44:01
bs0006,Red,Green,2026-04-23 15:45:01,STATE_CHANGE,-0.4202788249,36.95064471,Kenya,2026-04-23 15:45:01
bs0008,Green,Amber,2026-04-23 15:46:02,STATE_CHANGE,-1.264197845,36.80534064,Kenya,2026-04-23 15:46:02
bs0057,Amber,Red,2026-04-23 15:47:01,STATE_CHANGE,-1.1701402,36.8273317,Kenya,2026-04-23 15:47:01
bs0034,Green,Amber,2026-04-23 15:49:02,STATE_CHANGE,-0.4306375,36.9514531,Kenya,2026-04-23 15:49:02
bs0036,Green,Amber,2026-04-23 15:49:02,STATE_CHANGE,-1.3965625,36.7434375,Kenya,2026-04-23 15:49:02
bs0064,Amber,Red,2026-04-23 15:53:01,STATE_CHANGE,-1.1674531,36.9638317,Kenya,2026-04-23 15:53:01
bs0025,Amber,Red,2026-04-23 15:53:01,STATE_CHANGE,-1.217798261,36.89793289,Kenya,2026-04-23 15:53:01
bs0057,Green,Amber,2026-04-23 15:57:01,STATE_CHANGE,-1.1701402,36.8273317,Kenya,2026-04-23 15:57:01
bs0053,Amber,Green,2026-04-23 15:58:01,STATE_CHANGE,-1.3006111,36.8250278,Kenya,2026-04-23 15:58:01
bs0008,Red,Green,2026-04-23 16:00:02,STATE_CHANGE,-1.264197845,36.80534064,Kenya,2026-04-23 16:00:02
bs0064,Green,Amber,2026-04-23 16:02:01,STATE_CHANGE,-1.1674531,36.9638317,Kenya,2026-04-23 16:02:01
bs0053,Green,Amber,2026-04-23 16:04:01,STATE_CHANGE,-1.3006111,36.8250278,Kenya,2026-04-23 16:04:01
bs0040,Red,Green,2026-04-23 16:04:01,STATE_CHANGE,-1.2659315,36.798076,Kenya,2026-04-23 16:04:01
bs0003,Red,Green,2026-04-23 16:04:01,STATE_CHANGE,0.01330470798,37.07792968,Kenya,2026-04-23 16:04:01
bs0028,Red,Green,2026-04-23 16:05:01,STATE_CHANGE,-1.4314375,36.6863594,Kenya,2026-04-23 16:05:01
bs0025,Green,Amber,2026-04-23 16:06:02,STATE_CHANGE,-1.217798261,36.89793289,Kenya,2026-04-23 16:06:02
bs0003,Amber,Red,2026-04-23 16:06:02,STATE_CHANGE,0.01330470798,37.07792968,Kenya,2026-04-23 16:06:02
bs0064,Amber,Green,2026-04-23 16:08:01,STATE_CHANGE,-1.1674531,36.9638317,Kenya,2026-04-23 16:08:01
bs0006,Amber,Red,2026-04-23 16:11:01,STATE_CHANGE,-0.4202788249,36.95064471,Kenya,2026-04-23 16:11:01
bs0040,Amber,Red,2026-04-23 16:13:01,STATE_CHANGE,-1.2659315,36.798076,Kenya,2026-04-23 16:13:01
bs0033,Red,Green,2026-04-23 16:16:02,STATE_CHANGE,-1.2983013,36.7832031,Kenya,2026-04-23 16:16:02
bs0020,Grey,Green,2026-04-23 16:16:02,STATE_CHANGE,-1.1078375,37.0139219,Kenya,2026-04-23 16:16:02
bs0023,Red,Green,2026-04-23 16:16:02,STATE_CHANGE,-1.215112301,36.89190192,Kenya,2026-04-23 16:16:02
bs0054,Red,Green,2026-04-23 16:18:01,STATE_CHANGE,-1.400266,36.9439122,Kenya,2026-04-23 16:18:01
bs0064,Green,Amber,2026-04-23 16:19:01,STATE_CHANGE,-1.1674531,36.9638317,Kenya,2026-04-23 16:19:01
bs0003,Green,Amber,2026-04-23 16:21:01,STATE_CHANGE,0.01330470798,37.07792968,Kenya,2026-04-23 16:21:01
bs0034,Red,Green,2026-04-23 16:22:01,STATE_CHANGE,-0.4306375,36.9514531,Kenya,2026-04-23 16:22:01
bs0003,Red,Green,2026-04-23 16:24:01,STATE_CHANGE,0.01330470798,37.07792968,Kenya,2026-04-23 16:24:01
bs0024,Red,Green,2026-04-23 16:24:01,STATE_CHANGE,-1.2980556,36.8183333,Kenya,2026-04-23 16:24:01
bs0040,Green,Amber,2026-04-23 16:26:02,STATE_CHANGE,-1.2659315,36.798076,Kenya,2026-04-23 16:26:02
bs0006,Green,Amber,2026-04-23 16:26:02,STATE_CHANGE,-0.4202788249,36.95064471,Kenya,2026-04-23 16:26:02
bs0024,Amber,Red,2026-04-23 16:29:01,STATE_CHANGE,-1.2980556,36.8183333,Kenya,2026-04-23 16:29:01
bs0008,Amber,Red,2026-04-23 16:30:01,STATE_CHANGE,-1.264197845,36.80534064,Kenya,2026-04-23 16:30:01
bs0031,Amber,Green,2026-04-23 16:31:01,STATE_CHANGE,-1.293759326,36.85065024,Kenya,2026-04-23 16:31:01
bs0033,Amber,Red,2026-04-23 16:34:01,STATE_CHANGE,-1.2983013,36.7832031,Kenya,2026-04-23 16:34:01
bs0040,Red,Green,2026-04-23 16:34:01,STATE_CHANGE,-1.2659315,36.798076,Kenya,2026-04-23 16:34:01
bs0023,Amber,Red,2026-04-23 16:36:01,STATE_CHANGE,-1.215112301,36.89190192,Kenya,2026-04-23 16:36:01
bs0031,Green,Amber,2026-04-23 16:38:01,STATE_CHANGE,-1.293759326,36.85065024,Kenya,2026-04-23 16:38:01
bs0006,Amber,Green,2026-04-23 16:38:01,STATE_CHANGE,-0.4202788249,36.95064471,Kenya,2026-04-23 16:38:01
bs0008,Green,Amber,2026-04-23 16:39:01,STATE_CHANGE,-1.264197845,36.80534064,Kenya,2026-04-23 16:39:01
bs0040,Amber,Red,2026-04-23 16:41:02,STATE_CHANGE,-1.2659315,36.798076,Kenya,2026-04-23 16:41:02
bs0054,Amber,Red,2026-04-23 16:43:01,STATE_CHANGE,-1.400266,36.9439122,Kenya,2026-04-23 16:43:01
bs0034,Amber,Red,2026-04-23 16:44:01,STATE_CHANGE,-0.4306375,36.9514531,Kenya,2026-04-23 16:44:01
bs0024,Green,Amber,2026-04-23 16:44:01,STATE_CHANGE,-1.2980556,36.8183333,Kenya,2026-04-23 16:44:01
bs0033,Green,Amber,2026-04-23 16:45:01,STATE_CHANGE,-1.2983013,36.7832031,Kenya,2026-04-23 16:45:01
bs0006,Green,Amber,2026-04-23 16:46:01,STATE_CHANGE,-0.4202788249,36.95064471,Kenya,2026-04-23 16:46:01
bs0023,Green,Amber,2026-04-23 16:47:01,STATE_CHANGE,-1.215112301,36.89190192,Kenya,2026-04-23 16:47:01
bs0007,Red,Green,2026-04-23 16:49:01,STATE_CHANGE,-1.293519818,36.76162793,Kenya,2026-04-23 16:49:01
bs0054,Green,Amber,2026-04-23 16:50:01,STATE_CHANGE,-1.400266,36.9439122,Kenya,2026-04-23 16:50:01
bs0006,Grey,Green,2026-04-23 16:50:01,STATE_CHANGE,-0.4202788249,36.95064471,Kenya,2026-04-23 16:50:01
bs0003,Amber,Red,2026-04-23 16:51:01,STATE_CHANGE,0.01330470798,37.07792968,Kenya,2026-04-23 16:51:01
bs0040,Green,Amber,2026-04-23 16:52:01,STATE_CHANGE,-1.2659315,36.798076,Kenya,2026-04-23 16:52:01
bs0028,Amber,Red,2026-04-23 16:52:01,STATE_CHANGE,-1.4314375,36.6863594,Kenya,2026-04-23 16:52:01
bs0031,Amber,Green,2026-04-23 16:54:01,STATE_CHANGE,-1.293759326,36.85065024,Kenya,2026-04-23 16:54:01
bs0054,Red,Green,2026-04-23 16:57:02,STATE_CHANGE,-1.400266,36.9439122,Kenya,2026-04-23 16:57:02
bs0025,Amber,Green,2026-04-23 16:57:02,STATE_CHANGE,-1.217798261,36.89793289,Kenya,2026-04-23 16:57:02
bs0034,Green,Amber,2026-04-23 16:58:01,STATE_CHANGE,-0.4306375,36.9514531,Kenya,2026-04-23 16:58:01
bs0003,Green,Amber,2026-04-23 17:00:02,STATE_CHANGE,0.01330470798,37.07792968,Kenya,2026-04-23 17:00:02
bs0031,Green,Amber,2026-04-23 17:00:02,STATE_CHANGE,-1.293759326,36.85065024,Kenya,2026-04-23 17:00:02
bs0028,Green,Amber,2026-04-23 17:07:01,STATE_CHANGE,-1.4314375,36.6863594,Kenya,2026-04-23 17:07:01
bs0007,Amber,Red,2026-04-23 17:08:01,STATE_CHANGE,-1.293519818,36.76162793,Kenya,2026-04-23 17:08:01
bs0021,Amber,Green,2026-04-23 17:10:01,STATE_CHANGE,-1.2895575,36.7693693,Kenya,2026-04-23 17:10:01
bs0028,Grey,Green,2026-04-23 17:10:01,STATE_CHANGE,-1.4314375,36.6863594,Kenya,2026-04-23 17:10:01
bs0025,Green,Amber,2026-04-23 17:11:01,STATE_CHANGE,-1.217798261,36.89793289,Kenya,2026-04-23 17:11:01
bs0028,Green,Grey,2026-04-23 17:11:01,STATE_CHANGE,-1.4314375,36.6863594,Kenya,2026-04-23 17:11:01
bs0009,Red,Green,2026-04-23 17:13:01,STATE_CHANGE,-1.16363732,36.95419159,Kenya,2026-04-23 17:13:01
bs0041,Red,Green,2026-04-23 17:13:01,STATE_CHANGE,-1.277534452,36.79393909,Kenya,2026-04-23 17:13:01
bs0024,Red,Green,2026-04-23 17:14:01,STATE_CHANGE,-1.2980556,36.8183333,Kenya,2026-04-23 17:14:01
bs0007,Green,Amber,2026-04-23 17:15:01,STATE_CHANGE,-1.293519818,36.76162793,Kenya,2026-04-23 17:15:01
bs0054,Amber,Red,2026-04-23 17:16:01,STATE_CHANGE,-1.400266,36.9439122,Kenya,2026-04-23 17:16:01
bs0024,Amber,Red,2026-04-23 17:18:01,STATE_CHANGE,-1.2980556,36.8183333,Kenya,2026-04-23 17:18:01
bs0021,Green,Amber,2026-04-23 17:19:01,STATE_CHANGE,-1.2895575,36.7693693,Kenya,2026-04-23 17:19:01
bs0002,Amber,Green,2026-04-23 17:19:01,STATE_CHANGE,0.005700848267,37.07249942,Kenya,2026-04-23 17:19:01
bs0021,Red,Green,2026-04-23 17:20:02,STATE_CHANGE,-1.2895575,36.7693693,Kenya,2026-04-23 17:20:02
bs0032,Red,Green,2026-04-23 17:21:01,STATE_CHANGE,-1.2965625,36.8759375,Kenya,2026-04-23 17:21:01
bs0041,Amber,Red,2026-04-23 17:23:01,STATE_CHANGE,-1.277534452,36.79393909,Kenya,2026-04-23 17:23:01
bs0002,Green,Amber,2026-04-23 17:24:01,STATE_CHANGE,0.005700848267,37.07249942,Kenya,2026-04-23 17:24:01
bs0032,Amber,Red,2026-04-23 17:26:01,STATE_CHANGE,-1.2965625,36.8759375,Kenya,2026-04-23 17:26:01
bs0021,Amber,Red,2026-04-23 17:28:01,STATE_CHANGE,-1.2895575,36.7693693,Kenya,2026-04-23 17:28:01
bs0024,Green,Amber,2026-04-23 17:28:01,STATE_CHANGE,-1.2980556,36.8183333,Kenya,2026-04-23 17:28:01
bs0056,Red,Green,2026-04-23 17:30:02,STATE_CHANGE,-1.2805625,36.7363125,Kenya,2026-04-23 17:30:02
bs0054,Green,Amber,2026-04-23 17:31:01,STATE_CHANGE,-1.400266,36.9439122,Kenya,2026-04-23 17:31:01
bs0021,Green,Amber,2026-04-23 17:38:01,STATE_CHANGE,-1.2895575,36.7693693,Kenya,2026-04-23 17:38:01
bs0041,Green,Amber,2026-04-23 17:38:01,STATE_CHANGE,-1.277534452,36.79393909,Kenya,2026-04-23 17:38:01
bs0009,Amber,Red,2026-04-23 17:39:01,STATE_CHANGE,-1.16363732,36.95419159,Kenya,2026-04-23 17:39:01
bs0032,Green,Amber,2026-04-23 17:41:01,STATE_CHANGE,-1.2965625,36.8759375,Kenya,2026-04-23 17:41:01
bs0009,Green,Amber,2026-04-23 17:53:01,STATE_CHANGE,-1.16363732,36.95419159,Kenya,2026-04-23 17:53:01
bs0021,Red,Green,2026-04-23 17:59:01,STATE_CHANGE,-1.2895575,36.7693693,Kenya,2026-04-23 17:59:01
bs0029,Red,Green,2026-04-23 18:01:01,STATE_CHANGE,-0.4216641356,36.95238229,Kenya,2026-04-23 18:01:01
bs0032,Amber,Green,2026-04-23 18:01:01,STATE_CHANGE,-1.2965625,36.8759375,Kenya,2026-04-23 18:01:01
bs0054,Grey,Green,2026-04-23 18:03:01,STATE_CHANGE,-1.400266,36.9439122,Kenya,2026-04-23 18:03:01
bs0021,Amber,Red,2026-04-23 18:05:01,STATE_CHANGE,-1.2895575,36.7693693,Kenya,2026-04-23 18:05:01
bs0033,Amber,Green,2026-04-23 18:07:01,STATE_CHANGE,-1.2983013,36.7832031,Kenya,2026-04-23 18:07:01
bs0042,Red,Green,2026-04-23 18:09:01,STATE_CHANGE,-1.3138581,36.9152761,Kenya,2026-04-23 18:09:01
bs0032,Green,Amber,2026-04-23 18:10:01,STATE_CHANGE,-1.2965625,36.8759375,Kenya,2026-04-23 18:10:01
bs0029,Amber,Red,2026-04-23 18:14:01,STATE_CHANGE,-0.4216641356,36.95238229,Kenya,2026-04-23 18:14:01
bs0021,Green,Amber,2026-04-23 18:14:01,STATE_CHANGE,-1.2895575,36.7693693,Kenya,2026-04-23 18:14:01
bs0033,Green,Amber,2026-04-23 18:16:01,STATE_CHANGE,-1.2983013,36.7832031,Kenya,2026-04-23 18:16:01
bs0029,Green,Amber,2026-04-23 18:21:01,STATE_CHANGE,-0.4216641356,36.95238229,Kenya,2026-04-23 18:21:01
bs0056,Amber,Red,2026-04-23 18:23:02,STATE_CHANGE,-1.2805625,36.7363125,Kenya,2026-04-23 18:23:02
bs0032,Grey,Green,2026-04-23 18:26:01,STATE_CHANGE,-1.2965625,36.8759375,Kenya,2026-04-23 18:26:01
bs0029,Red,Green,2026-04-23 18:28:01,STATE_CHANGE,-0.4216641356,36.95238229,Kenya,2026-04-23 18:28:01
bs0056,Green,Amber,2026-04-23 18:29:01,STATE_CHANGE,-1.2805625,36.7363125,Kenya,2026-04-23 18:29:01
bs0029,Amber,Red,2026-04-23 18:34:01,STATE_CHANGE,-0.4216641356,36.95238229,Kenya,2026-04-23 18:34:01
bs0010,Red,Green,2026-04-23 18:42:01,STATE_CHANGE,-1.040930573,37.07211436,Kenya,2026-04-23 18:42:01
bs0042,Amber,Red,2026-04-23 18:46:01,STATE_CHANGE,-1.3138581,36.9152761,Kenya,2026-04-23 18:46:01
bs0029,Green,Amber,2026-04-23 18:49:01,STATE_CHANGE,-0.4216641356,36.95238229,Kenya,2026-04-23 18:49:01
bs0042,Red,Amber,2026-04-23 18:52:01,STATE_CHANGE,-1.3138581,36.9152761,Kenya,2026-04-23 18:52:01
bs0042,Amber,Red,2026-04-23 18:54:01,STATE_CHANGE,-1.3138581,36.9152761,Kenya,2026-04-23 18:54:01
bs0006,Green,Grey,2026-04-23 18:57:01,STATE_CHANGE,-0.4202788249,36.95064471,Kenya,2026-04-23 18:57:01
bs0042,Green,Amber,2026-04-23 19:02:01,STATE_CHANGE,-1.3138581,36.9152761,Kenya,2026-04-23 19:02:01
bs0035,Red,Green,2026-04-23 19:04:01,STATE_CHANGE,-1.3064295,36.8882947,Kenya,2026-04-23 19:04:01
bs0056,Red,Green,2026-04-23 19:17:01,STATE_CHANGE,-1.2805625,36.7363125,Kenya,2026-04-23 19:17:01
bs0010,Amber,Red,2026-04-23 19:20:02,STATE_CHANGE,-1.040930573,37.07211436,Kenya,2026-04-23 19:20:02
bs0010,Red,Amber,2026-04-23 19:23:01,STATE_CHANGE,-1.040930573,37.07211436,Kenya,2026-04-23 19:23:01
bs0010,Amber,Red,2026-04-23 19:25:01,STATE_CHANGE,-1.040930573,37.07211436,Kenya,2026-04-23 19:25:01
bs0035,Amber,Red,2026-04-23 19:30:02,STATE_CHANGE,-1.3064295,36.8882947,Kenya,2026-04-23 19:30:02
bs0010,Green,Amber,2026-04-23 19:31:02,STATE_CHANGE,-1.040930573,37.07211436,Kenya,2026-04-23 19:31:02
bs0025,Red,Green,2026-04-23 19:35:01,STATE_CHANGE,-1.217798261,36.89793289,Kenya,2026-04-23 19:35:01
bs0035,Green,Amber,2026-04-23 19:37:01,STATE_CHANGE,-1.3064295,36.8882947,Kenya,2026-04-23 19:37:01
bs0035,Amber,Green,2026-04-23 19:44:01,STATE_CHANGE,-1.3064295,36.8882947,Kenya,2026-04-23 19:44:01
bs0056,Amber,Red,2026-04-23 19:45:01,STATE_CHANGE,-1.2805625,36.7363125,Kenya,2026-04-23 19:45:01
bs0035,Green,Amber,2026-04-23 19:50:01,STATE_CHANGE,-1.3064295,36.8882947,Kenya,2026-04-23 19:50:01
bs0025,Amber,Red,2026-04-23 19:50:01,STATE_CHANGE,-1.217798261,36.89793289,Kenya,2026-04-23 19:50:01
bs0055,Grey,Green,2026-04-23 19:51:01,STATE_CHANGE,-1.3241564,36.7827715,Kenya,2026-04-23 19:51:01
bs0025,Green,Amber,2026-04-23 19:59:01,STATE_CHANGE,-1.217798261,36.89793289,Kenya,2026-04-23 19:59:01
bs0056,Green,Amber,2026-04-23 20:00:01,STATE_CHANGE,-1.2805625,36.7363125,Kenya,2026-04-23 20:00:01
bs0056,Amber,Green,2026-04-23 20:09:01,STATE_CHANGE,-1.2805625,36.7363125,Kenya,2026-04-23 20:09:01
bs0035,Red,Green,2026-04-23 20:12:01,STATE_CHANGE,-1.3064295,36.8882947,Kenya,2026-04-23 20:12:01
bs0056,Green,Amber,2026-04-23 20:14:01,STATE_CHANGE,-1.2805625,36.7363125,Kenya,2026-04-23 20:14:01
bs0025,Red,Green,2026-04-23 20:19:01,STATE_CHANGE,-1.217798261,36.89793289,Kenya,2026-04-23 20:19:01
bs0056,Grey,Green,2026-04-23 20:22:01,STATE_CHANGE,-1.2805625,36.7363125,Kenya,2026-04-23 20:22:01
bs0035,Amber,Red,2026-04-23 20:24:01,STATE_CHANGE,-1.3064295,36.8882947,Kenya,2026-04-23 20:24:01
bs0025,Amber,Red,2026-04-23 20:27:01,STATE_CHANGE,-1.217798261,36.89793289,Kenya,2026-04-23 20:27:01
bs0035,Green,Amber,2026-04-23 20:31:01,STATE_CHANGE,-1.3064295,36.8882947,Kenya,2026-04-23 20:31:01
bs0035,Amber,Green,2026-04-23 20:35:01,STATE_CHANGE,-1.3064295,36.8882947,Kenya,2026-04-23 20:35:01
bs0025,Green,Amber,2026-04-23 20:39:01,STATE_CHANGE,-1.217798261,36.89793289,Kenya,2026-04-23 20:39:01
bs0035,Green,Amber,2026-04-23 20:44:01,STATE_CHANGE,-1.3064295,36.8882947,Kenya,2026-04-23 20:44:01
bs0003,Grey,Green,2026-04-24 01:00:01,STATE_CHANGE,0.01330470798,37.07792968,Kenya,2026-04-24 01:00:01
bs0002,Grey,Green,2026-04-24 01:08:01,STATE_CHANGE,0.005700848267,37.07249942,Kenya,2026-04-24 01:08:01
bs0005,Grey,Green,2026-04-24 01:13:01,STATE_CHANGE,0.01487218269,37.07605716,Kenya,2026-04-24 01:13:01
bs0008,Grey,Green,2026-04-24 01:43:01,STATE_CHANGE,-1.264197845,36.80534064,Kenya,2026-04-24 01:43:01
bs0006,Grey,Green,2026-04-24 01:45:01,STATE_CHANGE,-0.4202788249,36.95064471,Kenya,2026-04-24 01:45:01
bs0007,Grey,Green,2026-04-24 01:50:01,STATE_CHANGE,-1.293519818,36.76162793,Kenya,2026-04-24 01:50:01
bs0009,Grey,Green,2026-04-24 02:05:01,STATE_CHANGE,-1.16363732,36.95419159,Kenya,2026-04-24 02:05:01
bs0011,Grey,Green,2026-04-24 02:05:01,STATE_CHANGE,12.91186413,77.63686608,India,2026-04-24 02:05:01
bs0010,Grey,Green,2026-04-24 02:06:02,STATE_CHANGE,-1.040930573,37.07211436,Kenya,2026-04-24 02:06:02
bs0013,Grey,Green,2026-04-24 02:19:01,STATE_CHANGE,-1.2303625,36.6823281,Kenya,2026-04-24 02:19:01
bs0014,Grey,Green,2026-04-24 02:25:01,STATE_CHANGE,-1.326784513,36.89444913,Kenya,2026-04-24 02:25:01
bs0015,Grey,Green,2026-04-24 02:30:01,STATE_CHANGE,-1.275095,36.972193,Kenya,2026-04-24 02:30:01
bs0017,Grey,Green,2026-04-24 02:49:01,STATE_CHANGE,-1.2667375,36.8456719,Kenya,2026-04-24 02:49:01
bs0025,Amber,Green,2026-04-24 02:52:02,STATE_CHANGE,-1.217798261,36.89793289,Kenya,2026-04-24 02:52:02
bs0025,Green,Amber,2026-04-24 03:00:01,STATE_CHANGE,-1.217798261,36.89793289,Kenya,2026-04-24 03:00:01
bs0018,Grey,Green,2026-04-24 03:03:01,STATE_CHANGE,-1.266064,36.916108,Kenya,2026-04-24 03:03:01
bs0019,Grey,Green,2026-04-24 03:11:02,STATE_CHANGE,-1.322193397,36.84449711,Kenya,2026-04-24 03:11:02
bs0021,Grey,Green,2026-04-24 03:19:01,STATE_CHANGE,-1.2895575,36.7693693,Kenya,2026-04-24 03:19:01
bs0022,Grey,Green,2026-04-24 03:20:01,STATE_CHANGE,-1.259370926,36.81692897,Kenya,2026-04-24 03:20:01
bs0023,Grey,Green,2026-04-24 03:23:01,STATE_CHANGE,-1.215112301,36.89190192,Kenya,2026-04-24 03:23:01
bs0024,Grey,Green,2026-04-24 03:35:01,STATE_CHANGE,-1.2980556,36.8183333,Kenya,2026-04-24 03:35:01
bs0034,Red,Green,2026-04-24 03:46:01,STATE_CHANGE,-0.4306375,36.9514531,Kenya,2026-04-24 03:46:01
bs0025,Grey,Green,2026-04-24 03:57:01,STATE_CHANGE,-1.217798261,36.89793289,Kenya,2026-04-24 03:57:01
bs0026,Grey,Green,2026-04-24 04:02:01,STATE_CHANGE,-1.2152568,36.8918121,Kenya,2026-04-24 04:02:01
bs0027,Grey,Green,2026-04-24 04:05:01,STATE_CHANGE,-1.2642052,36.80537588,Kenya,2026-04-24 04:05:01
bs0034,Amber,Red,2026-04-24 04:07:01,STATE_CHANGE,-0.4306375,36.9514531,Kenya,2026-04-24 04:07:01
bs0028,Grey,Green,2026-04-24 04:16:01,STATE_CHANGE,-1.4314375,36.6863594,Kenya,2026-04-24 04:16:01
bs0029,Grey,Green,2026-04-24 04:18:01,STATE_CHANGE,-0.4216641356,36.95238229,Kenya,2026-04-24 04:18:01
bs0034,Green,Amber,2026-04-24 04:22:01,STATE_CHANGE,-0.4306375,36.9514531,Kenya,2026-04-24 04:22:01
bs0030,Grey,Green,2026-04-24 04:33:01,STATE_CHANGE,-1.32456511,36.79599158,Kenya,2026-04-24 04:33:01
bs0033,Grey,Green,2026-04-24 04:35:01,STATE_CHANGE,-1.2983013,36.7832031,Kenya,2026-04-24 04:35:01
bs0031,Grey,Green,2026-04-24 04:44:01,STATE_CHANGE,-1.293759326,36.85065024,Kenya,2026-04-24 04:44:01
bs0035,Grey,Green,2026-04-24 04:45:01,STATE_CHANGE,-1.3064295,36.8882947,Kenya,2026-04-24 04:45:01
bs0034,Amber,Green,2026-04-24 04:47:01,STATE_CHANGE,-0.4306375,36.9514531,Kenya,2026-04-24 04:47:01
bs0034,Grey,Amber,2026-04-24 04:51:01,STATE_CHANGE,-0.4306375,36.9514531,Kenya,2026-04-24 04:51:01
bs0036,Grey,Green,2026-04-24 04:54:01,STATE_CHANGE,-1.3965625,36.7434375,Kenya,2026-04-24 04:54:01
bs0037,Grey,Green,2026-04-24 05:02:01,STATE_CHANGE,-1.2069637,36.7833023,Kenya,2026-04-24 05:02:01
bs0039,Grey,Green,2026-04-24 05:22:01,STATE_CHANGE,-1.2524722,36.6657222,Kenya,2026-04-24 05:22:01
bs0042,Grey,Green,2026-04-24 05:42:01,STATE_CHANGE,-1.3138581,36.9152761,Kenya,2026-04-24 05:42:01
bs0040,Grey,Green,2026-04-24 05:45:02,STATE_CHANGE,-1.2659315,36.798076,Kenya,2026-04-24 05:45:02
bs0041,Grey,Green,2026-04-24 05:45:02,STATE_CHANGE,-1.277534452,36.79393909,Kenya,2026-04-24 05:45:02
bs0043,Grey,Green,2026-04-24 05:58:01,STATE_CHANGE,-1.24311724,36.88041377,Kenya,2026-04-24 05:58:01
bs0044,Grey,Green,2026-04-24 06:05:01,STATE_CHANGE,-1.2120625,36.8720625,Kenya,2026-04-24 06:05:01
bs0045,Grey,Green,2026-04-24 06:05:01,STATE_CHANGE,-0.1718875,37.0215781,Kenya,2026-04-24 06:05:01
bs0046,Grey,Green,2026-04-24 06:14:02,STATE_CHANGE,0.0250875,37.0676406,Kenya,2026-04-24 06:14:02
bs0047,Grey,Green,2026-04-24 06:20:01,STATE_CHANGE,0.01485822629,37.07601655,Kenya,2026-04-24 06:20:01
bs0049,Grey,Green,2026-04-24 06:35:01,STATE_CHANGE,-1.2908848,36.7325891,Kenya,2026-04-24 06:35:01
bs0051,Grey,Green,2026-04-24 06:38:01,STATE_CHANGE,-1.308024666,36.81898027,Kenya,2026-04-24 06:38:01
bs0050,Grey,Green,2026-04-24 06:47:01,STATE_CHANGE,-1.232800685,36.80740261,Kenya,2026-04-24 06:47:01
bs0052,Grey,Green,2026-04-24 06:56:01,STATE_CHANGE,-1.2735002,36.8262477,Kenya,2026-04-24 06:56:01
bs0053,Grey,Green,2026-04-24 06:58:01,STATE_CHANGE,-1.3006111,36.8250278,Kenya,2026-04-24 06:58:01
bs0057,Grey,Green,2026-04-24 07:18:01,STATE_CHANGE,-1.1701402,36.8273317,Kenya,2026-04-24 07:18:01
bs0030,Green,Grey,2026-04-24 07:33:01,STATE_CHANGE,-1.32456511,36.79599158,Kenya,2026-04-24 07:33:01
bs0049,Green,Grey,2026-04-24 07:33:01,STATE_CHANGE,-1.2908848,36.7325891,Kenya,2026-04-24 07:33:01
bs0033,Green,Grey,2026-04-24 07:33:01,STATE_CHANGE,-1.2983013,36.7832031,Kenya,2026-04-24 07:33:01
bs0040,Green,Grey,2026-04-24 07:33:01,STATE_CHANGE,-1.2659315,36.798076,Kenya,2026-04-24 07:33:01
bs0026,Green,Grey,2026-04-24 07:33:01,STATE_CHANGE,-1.2152568,36.8918121,Kenya,2026-04-24 07:33:01
bs0057,Green,Grey,2026-04-24 07:33:01,STATE_CHANGE,-1.1701402,36.8273317,Kenya,2026-04-24 07:33:01
bs0044,Green,Grey,2026-04-24 07:33:01,STATE_CHANGE,-1.2120625,36.8720625,Kenya,2026-04-24 07:33:01
bs0039,Green,Grey,2026-04-24 07:33:01,STATE_CHANGE,-1.2524722,36.6657222,Kenya,2026-04-24 07:33:01
bs0010,Green,Grey,2026-04-24 07:33:01,STATE_CHANGE,-1.040930573,37.07211436,Kenya,2026-04-24 07:33:01
bs0022,Green,Grey,2026-04-24 07:33:01,STATE_CHANGE,-1.259370926,36.81692897,Kenya,2026-04-24 07:33:01
bs0036,Green,Grey,2026-04-24 07:33:01,STATE_CHANGE,-1.3965625,36.7434375,Kenya,2026-04-24 07:33:01
bs0028,Green,Grey,2026-04-24 07:33:01,STATE_CHANGE,-1.4314375,36.6863594,Kenya,2026-04-24 07:33:01
bs0013,Green,Grey,2026-04-24 07:33:01,STATE_CHANGE,-1.2303625,36.6823281,Kenya,2026-04-24 07:33:01
bs0008,Green,Grey,2026-04-24 07:33:01,STATE_CHANGE,-1.264197845,36.80534064,Kenya,2026-04-24 07:33:01
bs0003,Green,Grey,2026-04-24 07:33:01,STATE_CHANGE,0.01330470798,37.07792968,Kenya,2026-04-24 07:33:01
bs0017,Green,Grey,2026-04-24 07:33:01,STATE_CHANGE,-1.2667375,36.8456719,Kenya,2026-04-24 07:33:01
bs0031,Green,Grey,2026-04-24 07:33:01,STATE_CHANGE,-1.293759326,36.85065024,Kenya,2026-04-24 07:33:01
bs0024,Red,Grey,2026-04-24 07:33:01,STATE_CHANGE,-1.2980556,36.8183333,Kenya,2026-04-24 07:33:01
bs0005,Green,Grey,2026-04-24 07:33:01,STATE_CHANGE,0.01487218269,37.07605716,Kenya,2026-04-24 07:33:01
bs0047,Green,Grey,2026-04-24 07:33:01,STATE_CHANGE,0.01485822629,37.07601655,Kenya,2026-04-24 07:33:01
bs0016,Green,Grey,2026-04-24 07:33:01,STATE_CHANGE,0.005700848267,37.07249942,Kenya,2026-04-24 07:33:01
bs0052,Green,Grey,2026-04-24 07:33:01,STATE_CHANGE,-1.2735002,36.8262477,Kenya,2026-04-24 07:33:01
bs0011,Green,Grey,2026-04-24 07:33:01,STATE_CHANGE,12.91186413,77.63686608,India,2026-04-24 07:33:01
bs0050,Green,Grey,2026-04-24 07:33:01,STATE_CHANGE,-1.232800685,36.80740261,Kenya,2026-04-24 07:33:01
bs0029,Green,Grey,2026-04-24 07:34:01,STATE_CHANGE,-0.4216641356,36.95238229,Kenya,2026-04-24 07:34:01
bs0055,Green,Grey,2026-04-24 07:34:01,STATE_CHANGE,-1.3241564,36.7827715,Kenya,2026-04-24 07:34:01
bs0054,Red,Grey,2026-04-24 07:34:01,STATE_CHANGE,-1.400266,36.9439122,Kenya,2026-04-24 07:34:01
bs0056,Green,Grey,2026-04-24 07:34:01,STATE_CHANGE,-1.2805625,36.7363125,Kenya,2026-04-24 07:34:01
bs0053,Green,Grey,2026-04-24 07:34:01,STATE_CHANGE,-1.3006111,36.8250278,Kenya,2026-04-24 07:34:01
bs0035,Green,Grey,2026-04-24 07:34:01,STATE_CHANGE,-1.3064295,36.8882947,Kenya,2026-04-24 07:34:01
bs0060,Green,Grey,2026-04-24 07:34:01,STATE_CHANGE,-1.3067683,36.7361657,Kenya,2026-04-24 07:34:01
bs0034,Red,Grey,2026-04-24 07:34:01,STATE_CHANGE,-0.4306375,36.9514531,Kenya,2026-04-24 07:34:01
bs0021,Green,Grey,2026-04-24 07:34:01,STATE_CHANGE,-1.2895575,36.7693693,Kenya,2026-04-24 07:34:01
bs0025,Green,Grey,2026-04-24 07:34:01,STATE_CHANGE,-1.217798261,36.89793289,Kenya,2026-04-24 07:34:01
bs0042,Red,Grey,2026-04-24 07:34:01,STATE_CHANGE,-1.3138581,36.9152761,Kenya,2026-04-24 07:34:01
bs0038,Green,Grey,2026-04-24 07:34:01,STATE_CHANGE,-1.27413665,36.78867514,Kenya,2026-04-24 07:34:01
bs0046,Green,Grey,2026-04-24 07:34:01,STATE_CHANGE,0.0250875,37.0676406,Kenya,2026-04-24 07:34:01
bs0037,Green,Grey,2026-04-24 07:34:01,STATE_CHANGE,-1.2069637,36.7833023,Kenya,2026-04-24 07:34:01
bs0019,Green,Grey,2026-04-24 07:34:01,STATE_CHANGE,-1.322193397,36.84449711,Kenya,2026-04-24 07:34:01
bs0009,Green,Grey,2026-04-24 07:34:01,STATE_CHANGE,-1.16363732,36.95419159,Kenya,2026-04-24 07:34:01
bs0014,Green,Grey,2026-04-24 07:34:01,STATE_CHANGE,-1.326784513,36.89444913,Kenya,2026-04-24 07:34:01
bs0041,Green,Grey,2026-04-24 07:34:01,STATE_CHANGE,-1.277534452,36.79393909,Kenya,2026-04-24 07:34:01
bs0018,Green,Grey,2026-04-24 07:34:01,STATE_CHANGE,-1.266064,36.916108,Kenya,2026-04-24 07:34:01
bs0015,Green,Grey,2026-04-24 07:34:01,STATE_CHANGE,-1.275095,36.972193,Kenya,2026-04-24 07:34:01
bs0027,Green,Grey,2026-04-24 07:34:01,STATE_CHANGE,-1.2642052,36.80537588,Kenya,2026-04-24 07:34:01
bs0007,Red,Grey,2026-04-24 07:34:01,STATE_CHANGE,-1.293519818,36.76162793,Kenya,2026-04-24 07:34:01
bs0045,Green,Grey,2026-04-24 07:34:01,STATE_CHANGE,-0.1718875,37.0215781,Kenya,2026-04-24 07:34:01
bs0006,Green,Grey,2026-04-24 07:34:01,STATE_CHANGE,-0.4202788249,36.95064471,Kenya,2026-04-24 07:34:01
bs0002,Green,Grey,2026-04-24 07:34:01,STATE_CHANGE,0.005700848267,37.07249942,Kenya,2026-04-24 07:34:01
bs0043,Green,Grey,2026-04-24 07:34:01,STATE_CHANGE,-1.24311724,36.88041377,Kenya,2026-04-24 07:34:01
bs0048,Green,Grey,2026-04-24 07:34:01,STATE_CHANGE,-1.294223033,36.80532385,Kenya,2026-04-24 07:34:01
bs0051,Green,Grey,2026-04-24 07:34:01,STATE_CHANGE,-1.308024666,36.81898027,Kenya,2026-04-24 07:34:01
bs0023,Green,Grey,2026-04-24 07:34:01,STATE_CHANGE,-1.215112301,36.89190192,Kenya,2026-04-24 07:34:01
bs0062,Red,Green,2026-04-24 07:34:01,STATE_CHANGE,,,Unknown,2026-04-24 07:34:01
bs0054,Green,Red,2026-04-24 07:42:01,STATE_CHANGE,-1.400266,36.9439122,Kenya,2026-04-24 07:42:01
bs0034,Green,Red,2026-04-24 07:43:01,STATE_CHANGE,-0.4306375,36.9514531,Kenya,2026-04-24 07:43:01
bs0062,Amber,Red,2026-04-24 07:43:01,STATE_CHANGE,,,Unknown,2026-04-24 07:43:01
bs0007,Green,Red,2026-04-24 07:44:01,STATE_CHANGE,-1.293519818,36.76162793,Kenya,2026-04-24 07:44:01
bs0024,Amber,Red,2026-04-24 07:53:01,STATE_CHANGE,-1.2980556,36.8183333,Kenya,2026-04-24 07:53:01
bs0062,Green,Amber,2026-04-24 07:54:01,STATE_CHANGE,,,Unknown,2026-04-24 07:54:01
bs0043,Red,Green,2026-04-24 07:58:01,STATE_CHANGE,-1.24311724,36.88041377,Kenya,2026-04-24 07:58:01
bs0062,Red,Green,2026-04-24 07:59:01,STATE_CHANGE,,,Unknown,2026-04-24 07:59:01
bs0024,Green,Amber,2026-04-24 08:02:01,STATE_CHANGE,-1.2980556,36.8183333,Kenya,2026-04-24 08:02:01
bs0062,Amber,Red,2026-04-24 08:02:01,STATE_CHANGE,,,Unknown,2026-04-24 08:02:01
bs0043,Amber,Red,2026-04-24 08:04:02,STATE_CHANGE,-1.24311724,36.88041377,Kenya,2026-04-24 08:04:02
bs0062,Green,Amber,2026-04-24 08:13:01,STATE_CHANGE,,,Unknown,2026-04-24 08:13:01
bs0043,Green,Amber,2026-04-24 08:16:01,STATE_CHANGE,-1.24311724,36.88041377,Kenya,2026-04-24 08:16:01
bs0042,Amber,Red,2026-04-24 08:21:01,STATE_CHANGE,-1.3138581,36.9152761,Kenya,2026-04-24 08:21:01
bs0043,Red,Green,2026-04-24 08:23:02,STATE_CHANGE,-1.24311724,36.88041377,Kenya,2026-04-24 08:23:02
bs0062,Red,Green,2026-04-24 08:24:01,STATE_CHANGE,,,Unknown,2026-04-24 08:24:01
bs0025,Amber,Green,2026-04-24 08:27:01,STATE_CHANGE,-1.217798261,36.89793289,Kenya,2026-04-24 08:27:01
bs0043,Amber,Red,2026-04-24 08:27:01,STATE_CHANGE,-1.24311724,36.88041377,Kenya,2026-04-24 08:27:01
bs0062,Amber,Red,2026-04-24 08:31:01,STATE_CHANGE,,,Unknown,2026-04-24 08:31:01
bs0025,Green,Amber,2026-04-24 08:34:01,STATE_CHANGE,-1.217798261,36.89793289,Kenya,2026-04-24 08:34:01
bs0042,Green,Amber,2026-04-24 08:36:01,STATE_CHANGE,-1.3138581,36.9152761,Kenya,2026-04-24 08:36:01
bs0043,Green,Amber,2026-04-24 08:36:01,STATE_CHANGE,-1.24311724,36.88041377,Kenya,2026-04-24 08:36:01
bs0043,Red,Green,2026-04-24 08:37:01,STATE_CHANGE,-1.24311724,36.88041377,Kenya,2026-04-24 08:37:01
bs0040,Grey,Green,2026-04-24 08:38:01,STATE_CHANGE,-1.2659315,36.798076,Kenya,2026-04-24 08:38:01
bs0053,Red,Green,2026-04-24 08:39:01,STATE_CHANGE,-1.3006111,36.8250278,Kenya,2026-04-24 08:39:01
bs0025,Red,Green,2026-04-24 08:39:01,STATE_CHANGE,-1.217798261,36.89793289,Kenya,2026-04-24 08:39:01
bs0042,Amber,Green,2026-04-24 08:39:01,STATE_CHANGE,-1.3138581,36.9152761,Kenya,2026-04-24 08:39:01
bs0009,Amber,Green,2026-04-24 08:39:01,STATE_CHANGE,-1.16363732,36.95419159,Kenya,2026-04-24 08:39:01
bs0043,Amber,Red,2026-04-24 08:39:01,STATE_CHANGE,-1.24311724,36.88041377,Kenya,2026-04-24 08:39:01
bs0005,Red,Green,2026-04-24 08:40:01,STATE_CHANGE,0.01487218269,37.07605716,Kenya,2026-04-24 08:40:01
bs0053,Amber,Red,2026-04-24 08:41:02,STATE_CHANGE,-1.3006111,36.8250278,Kenya,2026-04-24 08:41:02
bs0042,Grey,Amber,2026-04-24 08:41:02,STATE_CHANGE,-1.3138581,36.9152761,Kenya,2026-04-24 08:41:02
bs0009,Green,Amber,2026-04-24 08:44:01,STATE_CHANGE,-1.16363732,36.95419159,Kenya,2026-04-24 08:44:01
bs0005,Amber,Red,2026-04-24 08:44:01,STATE_CHANGE,0.01487218269,37.07605716,Kenya,2026-04-24 08:44:01
bs0062,Green,Amber,2026-04-24 08:44:01,STATE_CHANGE,,,Unknown,2026-04-24 08:44:01
bs0029,Red,Green,2026-04-24 08:48:01,STATE_CHANGE,-0.4216641356,36.95238229,Kenya,2026-04-24 08:48:01
bs0006,Red,Green,2026-04-24 08:48:01,STATE_CHANGE,-0.4202788249,36.95064471,Kenya,2026-04-24 08:48:01
bs0053,Green,Amber,2026-04-24 08:49:01,STATE_CHANGE,-1.3006111,36.8250278,Kenya,2026-04-24 08:49:01
bs0042,Green,Grey,2026-04-24 08:49:01,STATE_CHANGE,-1.3138581,36.9152761,Kenya,2026-04-24 08:49:01
bs0025,Amber,Red,2026-04-24 08:50:01,STATE_CHANGE,-1.217798261,36.89793289,Kenya,2026-04-24 08:50:01
bs0053,Amber,Green,2026-04-24 08:51:01,STATE_CHANGE,-1.3006111,36.8250278,Kenya,2026-04-24 08:51:01
bs0043,Green,Amber,2026-04-24 08:51:01,STATE_CHANGE,-1.24311724,36.88041377,Kenya,2026-04-24 08:51:01
bs0029,Amber,Red,2026-04-24 08:52:02,STATE_CHANGE,-0.4216641356,36.95238229,Kenya,2026-04-24 08:52:02
bs0043,Amber,Green,2026-04-24 08:52:02,STATE_CHANGE,-1.24311724,36.88041377,Kenya,2026-04-24 08:52:02
bs0017,Red,Green,2026-04-24 08:53:01,STATE_CHANGE,-1.2667375,36.8456719,Kenya,2026-04-24 08:53:01
bs0017,Amber,Red,2026-04-24 08:55:01,STATE_CHANGE,-1.2667375,36.8456719,Kenya,2026-04-24 08:55:01
bs0043,Green,Amber,2026-04-24 08:57:01,STATE_CHANGE,-1.24311724,36.88041377,Kenya,2026-04-24 08:57:01
bs0043,Red,Green,2026-04-24 08:58:01,STATE_CHANGE,-1.24311724,36.88041377,Kenya,2026-04-24 08:58:01
bs0053,Green,Amber,2026-04-24 08:59:01,STATE_CHANGE,-1.3006111,36.8250278,Kenya,2026-04-24 08:59:01
bs0034,Grey,Green,2026-04-24 08:59:01,STATE_CHANGE,-0.4306375,36.9514531,Kenya,2026-04-24 08:59:01
bs0005,Green,Amber,2026-04-24 08:59:01,STATE_CHANGE,0.01487218269,37.07605716,Kenya,2026-04-24 08:59:01
bs0053,Red,Green,2026-04-24 09:01:01,STATE_CHANGE,-1.3006111,36.8250278,Kenya,2026-04-24 09:01:01
bs0025,Green,Amber,2026-04-24 09:01:01,STATE_CHANGE,-1.217798261,36.89793289,Kenya,2026-04-24 09:01:01
bs0025,Red,Green,2026-04-24 09:02:01,STATE_CHANGE,-1.217798261,36.89793289,Kenya,2026-04-24 09:02:01
bs0017,Green,Amber,2026-04-24 09:03:01,STATE_CHANGE,-1.2667375,36.8456719,Kenya,2026-04-24 09:03:01
bs0043,Amber,Red,2026-04-24 09:04:01,STATE_CHANGE,-1.24311724,36.88041377,Kenya,2026-04-24 09:04:01
bs0025,Amber,Red,2026-04-24 09:05:01,STATE_CHANGE,-1.217798261,36.89793289,Kenya,2026-04-24 09:05:01
bs0020,Green,Grey,2026-04-24 09:06:01,STATE_CHANGE,-1.1078375,37.0139219,Kenya,2026-04-24 09:06:01
bs0029,Green,Amber,2026-04-24 09:07:01,STATE_CHANGE,-0.4216641356,36.95238229,Kenya,2026-04-24 09:07:01
bs0006,Amber,Red,2026-04-24 09:12:01,STATE_CHANGE,-0.4202788249,36.95064471,Kenya,2026-04-24 09:12:01
bs0062,Amber,Green,2026-04-24 09:12:01,STATE_CHANGE,,,Unknown,2026-04-24 09:12:01
bs0030,Amber,Green,2026-04-24 09:13:01,STATE_CHANGE,-1.32456511,36.79599158,Kenya,2026-04-24 09:13:01
bs0005,Red,Green,2026-04-24 09:13:01,STATE_CHANGE,0.01487218269,37.07605716,Kenya,2026-04-24 09:13:01
bs0030,Green,Amber,2026-04-24 09:16:02,STATE_CHANGE,-1.32456511,36.79599158,Kenya,2026-04-24 09:16:02
bs0025,Green,Amber,2026-04-24 09:18:01,STATE_CHANGE,-1.217798261,36.89793289,Kenya,2026-04-24 09:18:01
bs0005,Amber,Red,2026-04-24 09:18:01,STATE_CHANGE,0.01487218269,37.07605716,Kenya,2026-04-24 09:18:01
bs0006,Green,Amber,2026-04-24 09:18:01,STATE_CHANGE,-0.4202788249,36.95064471,Kenya,2026-04-24 09:18:01
bs0043,Green,Amber,2026-04-24 09:18:01,STATE_CHANGE,-1.24311724,36.88041377,Kenya,2026-04-24 09:18:01
bs0007,Red,Green,2026-04-24 09:19:01,STATE_CHANGE,-1.293519818,36.76162793,Kenya,2026-04-24 09:19:01
bs0062,Green,Amber,2026-04-24 09:21:01,STATE_CHANGE,,,Unknown,2026-04-24 09:21:01
bs0053,Amber,Red,2026-04-24 09:22:01,STATE_CHANGE,-1.3006111,36.8250278,Kenya,2026-04-24 09:22:01
bs0062,Amber,Green,2026-04-24 09:23:01,STATE_CHANGE,,,Unknown,2026-04-24 09:23:01
bs0043,Red,Green,2026-04-24 09:25:01,STATE_CHANGE,-1.24311724,36.88041377,Kenya,2026-04-24 09:25:01
bs0025,Red,Green,2026-04-24 09:28:01,STATE_CHANGE,-1.217798261,36.89793289,Kenya,2026-04-24 09:28:01
bs0005,Green,Amber,2026-04-24 09:28:01,STATE_CHANGE,0.01487218269,37.07605716,Kenya,2026-04-24 09:28:01
bs0029,Red,Green,2026-04-24 09:29:01,STATE_CHANGE,-0.4216641356,36.95238229,Kenya,2026-04-24 09:29:01
bs0043,Amber,Red,2026-04-24 09:29:01,STATE_CHANGE,-1.24311724,36.88041377,Kenya,2026-04-24 09:29:01
bs0006,Amber,Green,2026-04-24 09:31:02,STATE_CHANGE,-0.4202788249,36.95064471,Kenya,2026-04-24 09:31:02
bs0053,Green,Amber,2026-04-24 09:34:01,STATE_CHANGE,-1.3006111,36.8250278,Kenya,2026-04-24 09:34:01
bs0062,Green,Amber,2026-04-24 09:35:01,STATE_CHANGE,,,Unknown,2026-04-24 09:35:01
bs0053,Red,Green,2026-04-24 09:36:02,STATE_CHANGE,-1.3006111,36.8250278,Kenya,2026-04-24 09:36:02
bs0006,Green,Amber,2026-04-24 09:37:01,STATE_CHANGE,-0.4202788249,36.95064471,Kenya,2026-04-24 09:37:01
bs0043,Green,Amber,2026-04-24 09:42:01,STATE_CHANGE,-1.24311724,36.88041377,Kenya,2026-04-24 09:42:01
bs0029,Amber,Red,2026-04-24 09:44:01,STATE_CHANGE,-0.4216641356,36.95238229,Kenya,2026-04-24 09:44:01
bs0019,Red,Green,2026-04-24 09:44:01,STATE_CHANGE,-1.322193397,36.84449711,Kenya,2026-04-24 09:44:01
bs0043,Red,Green,2026-04-24 09:44:01,STATE_CHANGE,-1.24311724,36.88041377,Kenya,2026-04-24 09:44:01
bs0033,Red,Green,2026-04-24 09:46:01,STATE_CHANGE,-1.2983013,36.7832031,Kenya,2026-04-24 09:46:01
bs0041,Red,Green,2026-04-24 09:46:01,STATE_CHANGE,-1.277534452,36.79393909,Kenya,2026-04-24 09:46:01
bs0025,Amber,Red,2026-04-24 09:47:01,STATE_CHANGE,-1.217798261,36.89793289,Kenya,2026-04-24 09:47:01
bs0033,Amber,Red,2026-04-24 09:48:01,STATE_CHANGE,-1.2983013,36.7832031,Kenya,2026-04-24 09:48:01
bs0043,Amber,Red,2026-04-24 09:49:01,STATE_CHANGE,-1.24311724,36.88041377,Kenya,2026-04-24 09:49:01
bs0019,Amber,Red,2026-04-24 09:52:01,STATE_CHANGE,-1.322193397,36.84449711,Kenya,2026-04-24 09:52:01
bs0029,Green,Amber,2026-04-24 09:53:01,STATE_CHANGE,-0.4216641356,36.95238229,Kenya,2026-04-24 09:53:01
bs0062,Amber,Green,2026-04-24 09:53:01,STATE_CHANGE,,,Unknown,2026-04-24 09:53:01
bs0029,Red,Green,2026-04-24 09:54:01,STATE_CHANGE,-0.4216641356,36.95238229,Kenya,2026-04-24 09:54:01
bs0062,Green,Amber,2026-04-24 09:55:01,STATE_CHANGE,,,Unknown,2026-04-24 09:55:01
bs0053,Amber,Red,2026-04-24 09:58:01,STATE_CHANGE,-1.3006111,36.8250278,Kenya,2026-04-24 09:58:01
bs0029,Amber,Red,2026-04-24 10:00:01,STATE_CHANGE,-0.4216641356,36.95238229,Kenya,2026-04-24 10:00:01
bs0062,Amber,Green,2026-04-24 10:01:01,STATE_CHANGE,,,Unknown,2026-04-24 10:01:01
bs0025,Green,Amber,2026-04-24 10:02:01,STATE_CHANGE,-1.217798261,36.89793289,Kenya,2026-04-24 10:02:01
bs0033,Green,Amber,2026-04-24 10:03:02,STATE_CHANGE,-1.2983013,36.7832031,Kenya,2026-04-24 10:03:02
bs0019,Green,Amber,2026-04-24 10:04:01,STATE_CHANGE,-1.322193397,36.84449711,Kenya,2026-04-24 10:04:01
bs0043,Green,Amber,2026-04-24 10:04:01,STATE_CHANGE,-1.24311724,36.88041377,Kenya,2026-04-24 10:04:01
bs0053,Green,Amber,2026-04-24 10:06:01,STATE_CHANGE,-1.3006111,36.8250278,Kenya,2026-04-24 10:06:01
bs0024,Red,Green,2026-04-24 10:07:01,STATE_CHANGE,-1.2980556,36.8183333,Kenya,2026-04-24 10:07:01
bs0065,Red,Green,2026-04-24 10:08:01,STATE_CHANGE,-1.341161382,36.75036256,Kenya,2026-04-24 10:08:01
bs0007,Amber,Red,2026-04-24 10:09:01,STATE_CHANGE,-1.293519818,36.76162793,Kenya,2026-04-24 10:09:01
bs0062,Green,Amber,2026-04-24 10:11:01,STATE_CHANGE,,,Unknown,2026-04-24 10:11:01
bs0024,Amber,Red,2026-04-24 10:12:01,STATE_CHANGE,-1.2980556,36.8183333,Kenya,2026-04-24 10:12:01
bs0065,Amber,Red,2026-04-24 10:13:01,STATE_CHANGE,-1.341161382,36.75036256,Kenya,2026-04-24 10:13:01
bs0029,Green,Amber,2026-04-24 10:14:01,STATE_CHANGE,-0.4216641356,36.95238229,Kenya,2026-04-24 10:14:01
bs0025,Red,Green,2026-04-24 10:14:01,STATE_CHANGE,-1.217798261,36.89793289,Kenya,2026-04-24 10:14:01
bs0003,Red,Green,2026-04-24 10:17:02,STATE_CHANGE,0.01330470798,37.07792968,Kenya,2026-04-24 10:17:02
bs0062,Red,Green,2026-04-24 10:17:02,STATE_CHANGE,,,Unknown,2026-04-24 10:17:02
bs0007,Green,Amber,2026-04-24 10:20:01,STATE_CHANGE,-1.293519818,36.76162793,Kenya,2026-04-24 10:20:01
bs0024,Green,Amber,2026-04-24 10:20:01,STATE_CHANGE,-1.2980556,36.8183333,Kenya,2026-04-24 10:20:01
bs0062,Amber,Red,2026-04-24 10:24:01,STATE_CHANGE,,,Unknown,2026-04-24 10:24:01
bs0065,Green,Amber,2026-04-24 10:25:01,STATE_CHANGE,-1.341161382,36.75036256,Kenya,2026-04-24 10:25:01
bs0041,Amber,Red,2026-04-24 10:26:01,STATE_CHANGE,-1.277534452,36.79393909,Kenya,2026-04-24 10:26:01
bs0025,Amber,Red,2026-04-24 10:27:01,STATE_CHANGE,-1.217798261,36.89793289,Kenya,2026-04-24 10:27:01
bs0038,Red,Green,2026-04-24 10:27:01,STATE_CHANGE,-1.27413665,36.78867514,Kenya,2026-04-24 10:27:01
bs0036,Red,Green,2026-04-24 10:29:01,STATE_CHANGE,-1.3965625,36.7434375,Kenya,2026-04-24 10:29:01
bs0065,Red,Green,2026-04-24 10:30:01,STATE_CHANGE,-1.341161382,36.75036256,Kenya,2026-04-24 10:30:01
bs0038,Amber,Red,2026-04-24 10:30:01,STATE_CHANGE,-1.27413665,36.78867514,Kenya,2026-04-24 10:30:01
bs0062,Green,Amber,2026-04-24 10:33:01,STATE_CHANGE,,,Unknown,2026-04-24 10:33:01
bs0003,Amber,Red,2026-04-24 10:35:01,STATE_CHANGE,0.01330470798,37.07792968,Kenya,2026-04-24 10:35:01
bs0062,Red,Green,2026-04-24 10:36:01,STATE_CHANGE,,,Unknown,2026-04-24 10:36:01
bs0041,Green,Amber,2026-04-24 10:37:01,STATE_CHANGE,-1.277534452,36.79393909,Kenya,2026-04-24 10:37:01
bs0025,Green,Amber,2026-04-24 10:39:01,STATE_CHANGE,-1.217798261,36.89793289,Kenya,2026-04-24 10:39:01
bs0038,Green,Amber,2026-04-24 10:39:01,STATE_CHANGE,-1.27413665,36.78867514,Kenya,2026-04-24 10:39:01
bs0062,Amber,Red,2026-04-24 10:46:01,STATE_CHANGE,,,Unknown,2026-04-24 10:46:01
bs0003,Green,Amber,2026-04-24 10:48:01,STATE_CHANGE,0.01330470798,37.07792968,Kenya,2026-04-24 10:48:01
bs0062,Green,Amber,2026-04-24 10:49:01,STATE_CHANGE,,,Unknown,2026-04-24 10:49:01
bs0030,Red,Green,2026-04-24 10:50:01,STATE_CHANGE,-1.32456511,36.79599158,Kenya,2026-04-24 10:50:01
bs0003,Red,Green,2026-04-24 10:51:01,STATE_CHANGE,0.01330470798,37.07792968,Kenya,2026-04-24 10:51:01
bs0003,Amber,Red,2026-04-24 10:52:01,STATE_CHANGE,0.01330470798,37.07792968,Kenya,2026-04-24 10:52:01
bs0025,Red,Green,2026-04-24 10:53:01,STATE_CHANGE,-1.217798261,36.89793289,Kenya,2026-04-24 10:53:01
bs0043,Red,Green,2026-04-24 10:53:01,STATE_CHANGE,-1.24311724,36.88041377,Kenya,2026-04-24 10:53:01
bs0065,Amber,Red,2026-04-24 10:55:02,STATE_CHANGE,-1.341161382,36.75036256,Kenya,2026-04-24 10:55:02
bs0005,Red,Green,2026-04-24 10:55:02,STATE_CHANGE,0.01487218269,37.07605716,Kenya,2026-04-24 10:55:02
bs0062,Amber,Green,2026-04-24 10:55:02,STATE_CHANGE,,,Unknown,2026-04-24 10:55:02
bs0062,Green,Amber,2026-04-24 10:57:01,STATE_CHANGE,,,Unknown,2026-04-24 10:57:01
bs0003,Green,Amber,2026-04-24 10:59:01,STATE_CHANGE,0.01330470798,37.07792968,Kenya,2026-04-24 10:59:01
bs0033,Red,Green,2026-04-24 11:02:02,STATE_CHANGE,-1.2983013,36.7832031,Kenya,2026-04-24 11:02:02
bs0065,Green,Amber,2026-04-24 11:03:01,STATE_CHANGE,-1.341161382,36.75036256,Kenya,2026-04-24 11:03:01
bs0051,Amber,Green,2026-04-24 11:03:01,STATE_CHANGE,-1.308024666,36.81898027,Kenya,2026-04-24 11:03:01
bs0043,Amber,Red,2026-04-24 11:07:01,STATE_CHANGE,-1.24311724,36.88041377,Kenya,2026-04-24 11:07:01
bs0030,Amber,Red,2026-04-24 11:08:01,STATE_CHANGE,-1.32456511,36.79599158,Kenya,2026-04-24 11:08:01
bs0051,Green,Amber,2026-04-24 11:08:01,STATE_CHANGE,-1.308024666,36.81898027,Kenya,2026-04-24 11:08:01
bs0025,Amber,Red,2026-04-24 11:09:01,STATE_CHANGE,-1.217798261,36.89793289,Kenya,2026-04-24 11:09:01
bs0005,Amber,Red,2026-04-24 11:14:01,STATE_CHANGE,0.01487218269,37.07605716,Kenya,2026-04-24 11:14:01
bs0065,Red,Green,2026-04-24 11:15:02,STATE_CHANGE,-1.341161382,36.75036256,Kenya,2026-04-24 11:15:02
bs0054,Red,Green,2026-04-24 11:17:02,STATE_CHANGE,-1.400266,36.9439122,Kenya,2026-04-24 11:17:02
bs0065,Amber,Red,2026-04-24 11:18:01,STATE_CHANGE,-1.341161382,36.75036256,Kenya,2026-04-24 11:18:01
bs0033,Amber,Red,2026-04-24 11:18:01,STATE_CHANGE,-1.2983013,36.7832031,Kenya,2026-04-24 11:18:01
bs0030,Green,Amber,2026-04-24 11:19:01,STATE_CHANGE,-1.32456511,36.79599158,Kenya,2026-04-24 11:19:01
bs0036,Amber,Red,2026-04-24 11:20:01,STATE_CHANGE,-1.3965625,36.7434375,Kenya,2026-04-24 11:20:01
bs0025,Green,Amber,2026-04-24 11:21:01,STATE_CHANGE,-1.217798261,36.89793289,Kenya,2026-04-24 11:21:01
bs0043,Green,Amber,2026-04-24 11:22:01,STATE_CHANGE,-1.24311724,36.88041377,Kenya,2026-04-24 11:22:01
bs0036,Green,Amber,2026-04-24 11:23:01,STATE_CHANGE,-1.3965625,36.7434375,Kenya,2026-04-24 11:23:01
bs0033,Green,Amber,2026-04-24 11:26:01,STATE_CHANGE,-1.2983013,36.7832031,Kenya,2026-04-24 11:26:01
bs0025,Red,Green,2026-04-24 11:27:01,STATE_CHANGE,-1.217798261,36.89793289,Kenya,2026-04-24 11:27:01
bs0030,Red,Green,2026-04-24 11:29:01,STATE_CHANGE,-1.32456511,36.79599158,Kenya,2026-04-24 11:29:01
bs0003,Amber,Green,2026-04-24 11:29:01,STATE_CHANGE,0.01330470798,37.07792968,Kenya,2026-04-24 11:29:01
bs0005,Green,Amber,2026-04-24 11:29:01,STATE_CHANGE,0.01487218269,37.07605716,Kenya,2026-04-24 11:29:01
bs0065,Green,Amber,2026-04-24 11:30:01,STATE_CHANGE,-1.341161382,36.75036256,Kenya,2026-04-24 11:30:01
bs0054,Amber,Red,2026-04-24 11:34:01,STATE_CHANGE,-1.400266,36.9439122,Kenya,2026-04-24 11:34:01
bs0053,Red,Green,2026-04-24 11:37:01,STATE_CHANGE,-1.3006111,36.8250278,Kenya,2026-04-24 11:37:01
bs0003,Green,Amber,2026-04-24 11:37:01,STATE_CHANGE,0.01330470798,37.07792968,Kenya,2026-04-24 11:37:01
bs0054,Grey,Amber,2026-04-24 11:38:01,STATE_CHANGE,-1.400266,36.9439122,Kenya,2026-04-24 11:38:01
bs0008,Red,Green,2026-04-24 11:39:01,STATE_CHANGE,-1.264197845,36.80534064,Kenya,2026-04-24 11:39:01
bs0043,Red,Green,2026-04-24 11:39:01,STATE_CHANGE,-1.24311724,36.88041377,Kenya,2026-04-24 11:39:01
bs0014,Red,Green,2026-04-24 11:42:01,STATE_CHANGE,-1.326784513,36.89444913,Kenya,2026-04-24 11:42:01
bs0054,Green,Grey,2026-04-24 11:43:01,STATE_CHANGE,-1.400266,36.9439122,Kenya,2026-04-24 11:43:01
bs0031,Amber,Green,2026-04-24 11:43:01,STATE_CHANGE,-1.293759326,36.85065024,Kenya,2026-04-24 11:43:01
bs0053,Amber,Red,2026-04-24 11:45:01,STATE_CHANGE,-1.3006111,36.8250278,Kenya,2026-04-24 11:45:01
bs0009,Red,Green,2026-04-24 11:45:01,STATE_CHANGE,-1.16363732,36.95419159,Kenya,2026-04-24 11:45:01
bs0043,Amber,Red,2026-04-24 11:45:01,STATE_CHANGE,-1.24311724,36.88041377,Kenya,2026-04-24 11:45:01
bs0030,Amber,Red,2026-04-24 11:46:01,STATE_CHANGE,-1.32456511,36.79599158,Kenya,2026-04-24 11:46:01
bs0003,Red,Green,2026-04-24 11:46:01,STATE_CHANGE,0.01330470798,37.07792968,Kenya,2026-04-24 11:46:01
bs0014,Amber,Red,2026-04-24 11:47:01,STATE_CHANGE,-1.326784513,36.89444913,Kenya,2026-04-24 11:47:01
bs0008,Amber,Red,2026-04-24 11:49:01,STATE_CHANGE,-1.264197845,36.80534064,Kenya,2026-04-24 11:49:01
bs0003,Amber,Red,2026-04-24 11:49:01,STATE_CHANGE,0.01330470798,37.07792968,Kenya,2026-04-24 11:49:01
bs0031,Green,Amber,2026-04-24 11:51:01,STATE_CHANGE,-1.293759326,36.85065024,Kenya,2026-04-24 11:51:01
bs0025,Amber,Red,2026-04-24 11:54:01,STATE_CHANGE,-1.217798261,36.89793289,Kenya,2026-04-24 11:54:01
bs0053,Green,Amber,2026-04-24 11:56:01,STATE_CHANGE,-1.3006111,36.8250278,Kenya,2026-04-24 11:56:01
bs0014,Green,Amber,2026-04-24 11:56:01,STATE_CHANGE,-1.326784513,36.89444913,Kenya,2026-04-24 11:56:01
bs0030,Green,Amber,2026-04-24 11:57:01,STATE_CHANGE,-1.32456511,36.79599158,Kenya,2026-04-24 11:57:01
bs0014,Red,Green,2026-04-24 11:57:01,STATE_CHANGE,-1.326784513,36.89444913,Kenya,2026-04-24 11:57:01
bs0053,Red,Green,2026-04-24 11:58:01,STATE_CHANGE,-1.3006111,36.8250278,Kenya,2026-04-24 11:58:01
bs0014,Amber,Red,2026-04-24 11:59:01,STATE_CHANGE,-1.326784513,36.89444913,Kenya,2026-04-24 11:59:01
bs0008,Green,Amber,2026-04-24 11:59:01,STATE_CHANGE,-1.264197845,36.80534064,Kenya,2026-04-24 11:59:01
bs0003,Green,Amber,2026-04-24 12:00:02,STATE_CHANGE,0.01330470798,37.07792968,Kenya,2026-04-24 12:00:02
bs0043,Green,Amber,2026-04-24 12:00:02,STATE_CHANGE,-1.24311724,36.88041377,Kenya,2026-04-24 12:00:02
bs0014,Green,Amber,2026-04-24 12:07:01,STATE_CHANGE,-1.326784513,36.89444913,Kenya,2026-04-24 12:07:01
bs0023,Red,Green,2026-04-24 12:07:01,STATE_CHANGE,-1.215112301,36.89190192,Kenya,2026-04-24 12:07:01
bs0027,Red,Green,2026-04-24 12:08:02,STATE_CHANGE,-1.2642052,36.80537588,Kenya,2026-04-24 12:08:02
bs0023,Amber,Red,2026-04-24 12:08:02,STATE_CHANGE,-1.215112301,36.89190192,Kenya,2026-04-24 12:08:02
bs0030,Red,Green,2026-04-24 12:09:01,STATE_CHANGE,-1.32456511,36.79599158,Kenya,2026-04-24 12:09:01
bs0025,Green,Amber,2026-04-24 12:09:01,STATE_CHANGE,-1.217798261,36.89793289,Kenya,2026-04-24 12:09:01
bs0021,Amber,Green,2026-04-24 12:14:01,STATE_CHANGE,-1.2895575,36.7693693,Kenya,2026-04-24 12:14:01
bs0027,Amber,Red,2026-04-24 12:15:01,STATE_CHANGE,-1.2642052,36.80537588,Kenya,2026-04-24 12:15:01
bs0030,Amber,Red,2026-04-24 12:16:01,STATE_CHANGE,-1.32456511,36.79599158,Kenya,2026-04-24 12:16:01
bs0053,Amber,Red,2026-04-24 12:21:01,STATE_CHANGE,-1.3006111,36.8250278,Kenya,2026-04-24 12:21:01
bs0023,Green,Amber,2026-04-24 12:21:01,STATE_CHANGE,-1.215112301,36.89190192,Kenya,2026-04-24 12:21:01
bs0021,Green,Amber,2026-04-24 12:22:02,STATE_CHANGE,-1.2895575,36.7693693,Kenya,2026-04-24 12:22:02
bs0009,Amber,Red,2026-04-24 12:24:01,STATE_CHANGE,-1.16363732,36.95419159,Kenya,2026-04-24 12:24:01
bs0027,Green,Amber,2026-04-24 12:26:01,STATE_CHANGE,-1.2642052,36.80537588,Kenya,2026-04-24 12:26:01
bs0053,Green,Amber,2026-04-24 12:28:01,STATE_CHANGE,-1.3006111,36.8250278,Kenya,2026-04-24 12:28:01
bs0014,Red,Green,2026-04-24 12:28:01,STATE_CHANGE,-1.326784513,36.89444913,Kenya,2026-04-24 12:28:01
bs0030,Green,Amber,2026-04-24 12:29:01,STATE_CHANGE,-1.32456511,36.79599158,Kenya,2026-04-24 12:29:01
bs0043,Amber,Green,2026-04-24 12:30:02,STATE_CHANGE,-1.24311724,36.88041377,Kenya,2026-04-24 12:30:02
bs0048,Amber,Green,2026-04-24 12:35:02,STATE_CHANGE,-1.294223033,36.80532385,Kenya,2026-04-24 12:35:02
bs0043,Green,Amber,2026-04-24 12:36:01,STATE_CHANGE,-1.24311724,36.88041377,Kenya,2026-04-24 12:36:01
bs0009,Green,Amber,2026-04-24 12:39:01,STATE_CHANGE,-1.16363732,36.95419159,Kenya,2026-04-24 12:39:01
bs0043,Red,Green,2026-04-24 12:39:01,STATE_CHANGE,-1.24311724,36.88041377,Kenya,2026-04-24 12:39:01
bs0048,Green,Amber,2026-04-24 12:39:01,STATE_CHANGE,-1.294223033,36.80532385,Kenya,2026-04-24 12:39:01
bs0007,Red,Green,2026-04-24 12:41:01,STATE_CHANGE,-1.293519818,36.76162793,Kenya,2026-04-24 12:41:01
bs0041,Red,Green,2026-04-24 12:42:01,STATE_CHANGE,-1.277534452,36.79393909,Kenya,2026-04-24 12:42:01
bs0048,Red,Green,2026-04-24 12:43:01,STATE_CHANGE,-1.294223033,36.80532385,Kenya,2026-04-24 12:43:01
bs0014,Amber,Red,2026-04-24 12:44:01,STATE_CHANGE,-1.326784513,36.89444913,Kenya,2026-04-24 12:44:01
bs0033,Red,Green,2026-04-24 12:50:01,STATE_CHANGE,-1.2983013,36.7832031,Kenya,2026-04-24 12:50:01
bs0009,Grey,Green,2026-04-24 12:50:01,STATE_CHANGE,-1.16363732,36.95419159,Kenya,2026-04-24 12:50:01
bs0014,Green,Amber,2026-04-24 12:52:01,STATE_CHANGE,-1.326784513,36.89444913,Kenya,2026-04-24 12:52:01
bs0021,Amber,Green,2026-04-24 12:55:01,STATE_CHANGE,-1.2895575,36.7693693,Kenya,2026-04-24 12:55:01
bs0041,Amber,Red,2026-04-24 12:56:01,STATE_CHANGE,-1.277534452,36.79393909,Kenya,2026-04-24 12:56:01
bs0024,Red,Green,2026-04-24 12:57:02,STATE_CHANGE,-1.2980556,36.8183333,Kenya,2026-04-24 12:57:02
bs0043,Amber,Red,2026-04-24 12:58:01,STATE_CHANGE,-1.24311724,36.88041377,Kenya,2026-04-24 12:58:01
bs0056,Red,Green,2026-04-24 12:59:01,STATE_CHANGE,-1.279522262,36.73619002,Kenya,2026-04-24 12:59:01
bs0021,Green,Amber,2026-04-24 13:01:01,STATE_CHANGE,-1.2895575,36.7693693,Kenya,2026-04-24 13:01:01
bs0056,Amber,Red,2026-04-24 13:03:01,STATE_CHANGE,-1.279522262,36.73619002,Kenya,2026-04-24 13:03:01
bs0041,Green,Amber,2026-04-24 13:08:01,STATE_CHANGE,-1.277534452,36.79393909,Kenya,2026-04-24 13:08:01
bs0036,Red,Green,2026-04-24 13:08:01,STATE_CHANGE,-1.3965625,36.7434375,Kenya,2026-04-24 13:08:01
bs0024,Amber,Red,2026-04-24 13:08:01,STATE_CHANGE,-1.2980556,36.8183333,Kenya,2026-04-24 13:08:01
bs0027,Amber,Green,2026-04-24 13:11:01,STATE_CHANGE,-1.2642052,36.80537588,Kenya,2026-04-24 13:11:01
bs0056,Green,Amber,2026-04-24 13:12:01,STATE_CHANGE,-1.279522262,36.73619002,Kenya,2026-04-24 13:12:01
bs0053,Red,Green,2026-04-24 13:12:01,STATE_CHANGE,-1.3006111,36.8250278,Kenya,2026-04-24 13:12:01
bs0033,Amber,Red,2026-04-24 13:13:01,STATE_CHANGE,-1.2983013,36.7832031,Kenya,2026-04-24 13:13:01
bs0027,Green,Amber,2026-04-24 13:13:01,STATE_CHANGE,-1.2642052,36.80537588,Kenya,2026-04-24 13:13:01
bs0043,Green,Amber,2026-04-24 13:13:01,STATE_CHANGE,-1.24311724,36.88041377,Kenya,2026-04-24 13:13:01
bs0053,Amber,Red,2026-04-24 13:14:01,STATE_CHANGE,-1.3006111,36.8250278,Kenya,2026-04-24 13:14:01
bs0024,Grey,Amber,2026-04-24 13:14:01,STATE_CHANGE,-1.2980556,36.8183333,Kenya,2026-04-24 13:14:01
bs0048,Amber,Red,2026-04-24 13:14:01,STATE_CHANGE,-1.294223033,36.80532385,Kenya,2026-04-24 13:14:01
bs0027,Red,Green,2026-04-24 13:16:01,STATE_CHANGE,-1.2642052,36.80537588,Kenya,2026-04-24 13:16:01
bs0041,Red,Green,2026-04-24 13:17:01,STATE_CHANGE,-1.277534452,36.79393909,Kenya,2026-04-24 13:17:01
bs0007,Amber,Red,2026-04-24 13:17:01,STATE_CHANGE,-1.293519818,36.76162793,Kenya,2026-04-24 13:17:01
bs0024,Green,Grey,2026-04-24 13:17:01,STATE_CHANGE,-1.2980556,36.8183333,Kenya,2026-04-24 13:17:01
bs0065,Red,Green,2026-04-24 13:21:01,STATE_CHANGE,-1.341161382,36.75036256,Kenya,2026-04-24 13:21:01
bs0033,Green,Amber,2026-04-24 13:21:01,STATE_CHANGE,-1.2983013,36.7832031,Kenya,2026-04-24 13:21:01
bs0053,Green,Amber,2026-04-24 13:23:01,STATE_CHANGE,-1.3006111,36.8250278,Kenya,2026-04-24 13:23:01
bs0048,Green,Amber,2026-04-24 13:24:01,STATE_CHANGE,-1.294223033,36.80532385,Kenya,2026-04-24 13:24:01
bs0033,Red,Green,2026-04-24 13:26:01,STATE_CHANGE,-1.2983013,36.7832031,Kenya,2026-04-24 13:26:01
bs0007,Red,Amber,2026-04-24 13:27:01,STATE_CHANGE,-1.293519818,36.76162793,Kenya,2026-04-24 13:27:01
bs0043,Red,Green,2026-04-24 13:30:01,STATE_CHANGE,-1.24311724,36.88041377,Kenya,2026-04-24 13:30:01
bs0014,Amber,Green,2026-04-24 13:32:01,STATE_CHANGE,-1.326784513,36.89444913,Kenya,2026-04-24 13:32:01
bs0007,Amber,Red,2026-04-24 13:32:01,STATE_CHANGE,-1.293519818,36.76162793,Kenya,2026-04-24 13:32:01
bs0043,Amber,Red,2026-04-24 13:33:01,STATE_CHANGE,-1.24311724,36.88041377,Kenya,2026-04-24 13:33:01
bs0014,Green,Amber,2026-04-24 13:37:02,STATE_CHANGE,-1.326784513,36.89444913,Kenya,2026-04-24 13:37:02
bs0033,Amber,Red,2026-04-24 13:40:01,STATE_CHANGE,-1.2983013,36.7832031,Kenya,2026-04-24 13:40:01
bs0007,Green,Amber,2026-04-24 13:40:01,STATE_CHANGE,-1.293519818,36.76162793,Kenya,2026-04-24 13:40:01
bs0007,Red,Green,2026-04-24 13:41:02,STATE_CHANGE,-1.293519818,36.76162793,Kenya,2026-04-24 13:41:02
bs0041,Amber,Red,2026-04-24 13:42:01,STATE_CHANGE,-1.277534452,36.79393909,Kenya,2026-04-24 13:42:01
bs0041,Green,Amber,2026-04-24 13:46:01,STATE_CHANGE,-1.277534452,36.79393909,Kenya,2026-04-24 13:46:01
bs0036,Amber,Red,2026-04-24 13:47:01,STATE_CHANGE,-1.3965625,36.7434375,Kenya,2026-04-24 13:47:01
bs0027,Amber,Red,2026-04-24 13:48:01,STATE_CHANGE,-1.2642052,36.80537588,Kenya,2026-04-24 13:48:01
bs0043,Green,Amber,2026-04-24 13:48:01,STATE_CHANGE,-1.24311724,36.88041377,Kenya,2026-04-24 13:48:01
bs0033,Green,Amber,2026-04-24 13:50:01,STATE_CHANGE,-1.2983013,36.7832031,Kenya,2026-04-24 13:50:01
bs0033,Red,Green,2026-04-24 13:52:01,STATE_CHANGE,-1.2983013,36.7832031,Kenya,2026-04-24 13:52:01
bs0053,Red,Green,2026-04-24 13:55:01,STATE_CHANGE,-1.3006111,36.8250278,Kenya,2026-04-24 13:55:01
bs0065,Amber,Red,2026-04-24 13:57:01,STATE_CHANGE,-1.341161382,36.75036256,Kenya,2026-04-24 13:57:01
bs0030,Amber,Green,2026-04-24 14:00:01,STATE_CHANGE,-1.32456511,36.79599158,Kenya,2026-04-24 14:00:01
bs0036,Green,Amber,2026-04-24 14:00:01,STATE_CHANGE,-1.3965625,36.7434375,Kenya,2026-04-24 14:00:01
bs0027,Green,Amber,2026-04-24 14:01:01,STATE_CHANGE,-1.2642052,36.80537588,Kenya,2026-04-24 14:01:01
bs0030,Green,Amber,2026-04-24 14:02:01,STATE_CHANGE,-1.32456511,36.79599158,Kenya,2026-04-24 14:02:01
bs0034,Green,Grey,2026-04-24 14:04:01,STATE_CHANGE,-0.4306375,36.9514531,Kenya,2026-04-24 14:04:01
bs0065,Green,Amber,2026-04-24 14:07:02,STATE_CHANGE,-1.341161382,36.75036256,Kenya,2026-04-24 14:07:02
bs0053,Amber,Red,2026-04-24 14:14:01,STATE_CHANGE,-1.3006111,36.8250278,Kenya,2026-04-24 14:14:01
bs0036,Red,Green,2026-04-24 14:17:01,STATE_CHANGE,-1.3965625,36.7434375,Kenya,2026-04-24 14:17:01
bs0040,Green,Grey,2026-04-24 14:18:01,STATE_CHANGE,-1.2659315,36.798076,Kenya,2026-04-24 14:18:01
bs0033,Amber,Red,2026-04-24 14:19:01,STATE_CHANGE,-1.2983013,36.7832031,Kenya,2026-04-24 14:19:01
bs0007,Amber,Red,2026-04-24 14:20:01,STATE_CHANGE,-1.293519818,36.76162793,Kenya,2026-04-24 14:20:01
bs0064,Amber,Green,2026-04-24 14:22:01,STATE_CHANGE,-1.1674531,36.9638317,Kenya,2026-04-24 14:22:01
bs0024,Red,Green,2026-04-24 14:22:01,STATE_CHANGE,-1.2980556,36.8183333,Kenya,2026-04-24 14:22:01
bs0024,Grey,Red,2026-04-24 14:23:01,STATE_CHANGE,-1.2980556,36.8183333,Kenya,2026-04-24 14:23:01
bs0023,Red,Green,2026-04-24 14:23:01,STATE_CHANGE,-1.215112301,36.89190192,Kenya,2026-04-24 14:23:01
bs0023,Amber,Red,2026-04-24 14:24:01,STATE_CHANGE,-1.215112301,36.89190192,Kenya,2026-04-24 14:24:01
bs0053,Green,Amber,2026-04-24 14:25:01,STATE_CHANGE,-1.3006111,36.8250278,Kenya,2026-04-24 14:25:01
bs0064,Green,Amber,2026-04-24 14:26:01,STATE_CHANGE,-1.1674531,36.9638317,Kenya,2026-04-24 14:26:01
bs0007,Green,Amber,2026-04-24 14:28:01,STATE_CHANGE,-1.293519818,36.76162793,Kenya,2026-04-24 14:28:01
bs0053,Red,Green,2026-04-24 14:30:01,STATE_CHANGE,-1.3006111,36.8250278,Kenya,2026-04-24 14:30:01
bs0024,Green,Grey,2026-04-24 14:30:01,STATE_CHANGE,-1.2980556,36.8183333,Kenya,2026-04-24 14:30:01
bs0064,Red,Green,2026-04-24 14:32:01,STATE_CHANGE,-1.1674531,36.9638317,Kenya,2026-04-24 14:32:01
bs0033,Green,Amber,2026-04-24 14:34:01,STATE_CHANGE,-1.2983013,36.7832031,Kenya,2026-04-24 14:34:01
bs0010,Red,Green,2026-04-24 14:34:01,STATE_CHANGE,-1.040930573,37.07211436,Kenya,2026-04-24 14:34:01
bs0065,Red,Green,2026-04-24 14:35:01,STATE_CHANGE,-1.341161382,36.75036256,Kenya,2026-04-24 14:35:01
bs0043,Red,Green,2026-04-24 14:35:01,STATE_CHANGE,-1.24311724,36.88041377,Kenya,2026-04-24 14:35:01
bs0023,Green,Amber,2026-04-24 14:36:01,STATE_CHANGE,-1.215112301,36.89190192,Kenya,2026-04-24 14:36:01
bs0033,Red,Green,2026-04-24 14:40:01,STATE_CHANGE,-1.2983013,36.7832031,Kenya,2026-04-24 14:40:01
bs0033,Amber,Red,2026-04-24 14:41:01,STATE_CHANGE,-1.2983013,36.7832031,Kenya,2026-04-24 14:41:01
bs0043,Amber,Red,2026-04-24 14:48:01,STATE_CHANGE,-1.24311724,36.88041377,Kenya,2026-04-24 14:48:01
bs0053,Amber,Red,2026-04-24 14:49:01,STATE_CHANGE,-1.3006111,36.8250278,Kenya,2026-04-24 14:49:01
bs0023,Amber,Green,2026-04-24 14:49:01,STATE_CHANGE,-1.215112301,36.89190192,Kenya,2026-04-24 14:49:01
bs0023,Green,Amber,2026-04-24 14:50:01,STATE_CHANGE,-1.215112301,36.89190192,Kenya,2026-04-24 14:50:01
bs0064,Amber,Red,2026-04-24 14:53:01,STATE_CHANGE,-1.1674531,36.9638317,Kenya,2026-04-24 14:53:01
bs0033,Green,Amber,2026-04-24 14:53:01,STATE_CHANGE,-1.2983013,36.7832031,Kenya,2026-04-24 14:53:01
bs0033,Red,Green,2026-04-24 14:56:01,STATE_CHANGE,-1.2983013,36.7832031,Kenya,2026-04-24 14:56:01
bs0007,Red,Green,2026-04-24 14:56:01,STATE_CHANGE,-1.293519818,36.76162793,Kenya,2026-04-24 14:56:01
bs0036,Amber,Red,2026-04-24 15:00:02,STATE_CHANGE,-1.3965625,36.7434375,Kenya,2026-04-24 15:00:02
bs0064,Green,Amber,2026-04-24 15:03:01,STATE_CHANGE,-1.1674531,36.9638317,Kenya,2026-04-24 15:03:01
bs0053,Green,Amber,2026-04-24 15:03:01,STATE_CHANGE,-1.3006111,36.8250278,Kenya,2026-04-24 15:03:01
bs0010,Amber,Red,2026-04-24 15:03:01,STATE_CHANGE,-1.040930573,37.07211436,Kenya,2026-04-24 15:03:01
bs0027,Amber,Green,2026-04-24 15:03:01,STATE_CHANGE,-1.2642052,36.80537588,Kenya,2026-04-24 15:03:01
bs0043,Green,Amber,2026-04-24 15:03:01,STATE_CHANGE,-1.24311724,36.88041377,Kenya,2026-04-24 15:03:01
bs0064,Red,Green,2026-04-24 15:04:01,STATE_CHANGE,-1.1674531,36.9638317,Kenya,2026-04-24 15:04:01
bs0053,Amber,Green,2026-04-24 15:08:01,STATE_CHANGE,-1.3006111,36.8250278,Kenya,2026-04-24 15:08:01
bs0043,Red,Green,2026-04-24 15:08:01,STATE_CHANGE,-1.24311724,36.88041377,Kenya,2026-04-24 15:08:01
bs0027,Green,Amber,2026-04-24 15:10:01,STATE_CHANGE,-1.2642052,36.80537588,Kenya,2026-04-24 15:10:01
bs0010,Green,Amber,2026-04-24 15:12:01,STATE_CHANGE,-1.040930573,37.07211436,Kenya,2026-04-24 15:12:01
bs0036,Green,Amber,2026-04-24 15:12:01,STATE_CHANGE,-1.3965625,36.7434375,Kenya,2026-04-24 15:12:01
bs0053,Green,Amber,2026-04-24 15:15:01,STATE_CHANGE,-1.3006111,36.8250278,Kenya,2026-04-24 15:15:01
bs0064,Amber,Red,2026-04-24 15:16:01,STATE_CHANGE,-1.1674531,36.9638317,Kenya,2026-04-24 15:16:01
bs0061,Red,Green,2026-04-24 15:18:01,STATE_CHANGE,-1.3087667,36.860551,Kenya,2026-04-24 15:18:01
bs0033,Amber,Red,2026-04-24 15:19:01,STATE_CHANGE,-1.2983013,36.7832031,Kenya,2026-04-24 15:19:01
bs0053,Red,Green,2026-04-24 15:20:01,STATE_CHANGE,-1.3006111,36.8250278,Kenya,2026-04-24 15:20:01
bs0048,Red,Green,2026-04-24 15:20:01,STATE_CHANGE,-1.294223033,36.80532385,Kenya,2026-04-24 15:20:01
bs0003,Red,Green,2026-04-24 15:21:01,STATE_CHANGE,0.01330470798,37.07792968,Kenya,2026-04-24 15:21:01
bs0007,Amber,Red,2026-04-24 15:24:01,STATE_CHANGE,-1.293519818,36.76162793,Kenya,2026-04-24 15:24:01
bs0064,Green,Amber,2026-04-24 15:27:01,STATE_CHANGE,-1.1674531,36.9638317,Kenya,2026-04-24 15:27:01
bs0065,Amber,Red,2026-04-24 15:27:01,STATE_CHANGE,-1.341161382,36.75036256,Kenya,2026-04-24 15:27:01
bs0033,Green,Amber,2026-04-24 15:28:01,STATE_CHANGE,-1.2983013,36.7832031,Kenya,2026-04-24 15:28:01
bs0005,Red,Green,2026-04-24 15:28:01,STATE_CHANGE,0.01487218269,37.07605716,Kenya,2026-04-24 15:28:01
bs0064,Amber,Green,2026-04-24 15:29:01,STATE_CHANGE,-1.1674531,36.9638317,Kenya,2026-04-24 15:29:01
bs0033,Amber,Green,2026-04-24 15:30:01,STATE_CHANGE,-1.2983013,36.7832031,Kenya,2026-04-24 15:30:01
bs0003,Amber,Red,2026-04-24 15:32:01,STATE_CHANGE,0.01330470798,37.07792968,Kenya,2026-04-24 15:32:01
bs0043,Amber,Red,2026-04-24 15:32:01,STATE_CHANGE,-1.24311724,36.88041377,Kenya,2026-04-24 15:32:01
bs0007,Red,Amber,2026-04-24 15:33:01,STATE_CHANGE,-1.293519818,36.76162793,Kenya,2026-04-24 15:33:01
bs0029,Amber,Green,2026-04-24 15:35:01,STATE_CHANGE,-0.4216641356,36.95238229,Kenya,2026-04-24 15:35:01
bs0025,Red,Green,2026-04-24 15:35:01,STATE_CHANGE,-1.217798261,36.89793289,Kenya,2026-04-24 15:35:01
bs0024,Red,Green,2026-04-24 15:35:01,STATE_CHANGE,-1.2980556,36.8183333,Kenya,2026-04-24 15:35:01
bs0065,Green,Amber,2026-04-24 15:36:01,STATE_CHANGE,-1.341161382,36.75036256,Kenya,2026-04-24 15:36:01
bs0024,Amber,Red,2026-04-24 15:37:01,STATE_CHANGE,-1.2980556,36.8183333,Kenya,2026-04-24 15:37:01
bs0029,Green,Amber,2026-04-24 15:38:01,STATE_CHANGE,-0.4216641356,36.95238229,Kenya,2026-04-24 15:38:01
bs0053,Amber,Red,2026-04-24 15:40:01,STATE_CHANGE,-1.3006111,36.8250278,Kenya,2026-04-24 15:40:01
bs0033,Green,Amber,2026-04-24 15:40:01,STATE_CHANGE,-1.2983013,36.7832031,Kenya,2026-04-24 15:40:01
bs0033,Red,Green,2026-04-24 15:41:01,STATE_CHANGE,-1.2983013,36.7832031,Kenya,2026-04-24 15:41:01
bs0064,Green,Amber,2026-04-24 15:42:01,STATE_CHANGE,-1.1674531,36.9638317,Kenya,2026-04-24 15:42:01
bs0007,Amber,Red,2026-04-24 15:42:01,STATE_CHANGE,-1.293519818,36.76162793,Kenya,2026-04-24 15:42:01
bs0003,Green,Amber,2026-04-24 15:45:01,STATE_CHANGE,0.01330470798,37.07792968,Kenya,2026-04-24 15:45:01
bs0024,Green,Amber,2026-04-24 15:46:01,STATE_CHANGE,-1.2980556,36.8183333,Kenya,2026-04-24 15:46:01
bs0005,Amber,Red,2026-04-24 15:46:01,STATE_CHANGE,0.01487218269,37.07605716,Kenya,2026-04-24 15:46:01
bs0043,Green,Amber,2026-04-24 15:47:01,STATE_CHANGE,-1.24311724,36.88041377,Kenya,2026-04-24 15:47:01
bs0035,Red,Green,2026-04-24 15:49:01,STATE_CHANGE,-1.3064295,36.8882947,Kenya,2026-04-24 15:49:01
bs0064,Red,Green,2026-04-24 15:50:01,STATE_CHANGE,-1.1674531,36.9638317,Kenya,2026-04-24 15:50:01
bs0003,Amber,Green,2026-04-24 15:50:01,STATE_CHANGE,0.01330470798,37.07792968,Kenya,2026-04-24 15:50:01
bs0007,Green,Amber,2026-04-24 15:50:01,STATE_CHANGE,-1.293519818,36.76162793,Kenya,2026-04-24 15:50:01
bs0043,Red,Green,2026-04-24 15:50:01,STATE_CHANGE,-1.24311724,36.88041377,Kenya,2026-04-24 15:50:01
bs0053,Green,Amber,2026-04-24 15:51:01,STATE_CHANGE,-1.3006111,36.8250278,Kenya,2026-04-24 15:51:01
bs0048,Amber,Red,2026-04-24 15:51:01,STATE_CHANGE,-1.294223033,36.80532385,Kenya,2026-04-24 15:51:01
bs0033,Amber,Red,2026-04-24 15:53:01,STATE_CHANGE,-1.2983013,36.7832031,Kenya,2026-04-24 15:53:01
bs0053,Red,Green,2026-04-24 15:56:01,STATE_CHANGE,-1.3006111,36.8250278,Kenya,2026-04-24 15:56:01
bs0025,Amber,Red,2026-04-24 15:57:01,STATE_CHANGE,-1.217798261,36.89793289,Kenya,2026-04-24 15:57:01
bs0008,Red,Green,2026-04-24 15:57:01,STATE_CHANGE,-1.264197845,36.80534064,Kenya,2026-04-24 15:57:01
bs0003,Green,Amber,2026-04-24 15:57:01,STATE_CHANGE,0.01330470798,37.07792968,Kenya,2026-04-24 15:57:01
bs0064,Amber,Red,2026-04-24 15:58:01,STATE_CHANGE,-1.1674531,36.9638317,Kenya,2026-04-24 15:58:01
bs0008,Amber,Red,2026-04-24 16:00:02,STATE_CHANGE,-1.264197845,36.80534064,Kenya,2026-04-24 16:00:02
bs0005,Green,Amber,2026-04-24 16:01:01,STATE_CHANGE,0.01487218269,37.07605716,Kenya,2026-04-24 16:01:01
bs0048,Green,Amber,2026-04-24 16:01:01,STATE_CHANGE,-1.294223033,36.80532385,Kenya,2026-04-24 16:01:01
bs0043,Green,Red,2026-04-24 16:03:02,STATE_CHANGE,-1.24311724,36.88041377,Kenya,2026-04-24 16:03:02
bs0061,Amber,Red,2026-04-24 16:03:02,STATE_CHANGE,-1.3087667,36.860551,Kenya,2026-04-24 16:03:02
bs0033,Green,Amber,2026-04-24 16:07:01,STATE_CHANGE,-1.2983013,36.7832031,Kenya,2026-04-24 16:07:01
bs0033,Red,Green,2026-04-24 16:08:01,STATE_CHANGE,-1.2983013,36.7832031,Kenya,2026-04-24 16:08:01
bs0025,Green,Amber,2026-04-24 16:08:01,STATE_CHANGE,-1.217798261,36.89793289,Kenya,2026-04-24 16:08:01
bs0008,Green,Amber,2026-04-24 16:08:01,STATE_CHANGE,-1.264197845,36.80534064,Kenya,2026-04-24 16:08:01
bs0064,Green,Amber,2026-04-24 16:09:01,STATE_CHANGE,-1.1674531,36.9638317,Kenya,2026-04-24 16:09:01
bs0064,Red,Green,2026-04-24 16:10:01,STATE_CHANGE,-1.1674531,36.9638317,Kenya,2026-04-24 16:10:01
bs0053,Amber,Red,2026-04-24 16:10:01,STATE_CHANGE,-1.3006111,36.8250278,Kenya,2026-04-24 16:10:01
bs0041,Red,Green,2026-04-24 16:10:01,STATE_CHANGE,-1.277534452,36.79393909,Kenya,2026-04-24 16:10:01
bs0008,Red,Green,2026-04-24 16:13:01,STATE_CHANGE,-1.264197845,36.80534064,Kenya,2026-04-24 16:13:01
bs0031,Red,Green,2026-04-24 16:15:01,STATE_CHANGE,-1.293759326,36.85065024,Kenya,2026-04-24 16:15:01
bs0033,Amber,Red,2026-04-24 16:16:01,STATE_CHANGE,-1.2983013,36.7832031,Kenya,2026-04-24 16:16:01
bs0065,Red,Green,2026-04-24 16:17:01,STATE_CHANGE,-1.341161382,36.75036256,Kenya,2026-04-24 16:17:01
bs0061,Green,Amber,2026-04-24 16:17:01,STATE_CHANGE,-1.3087667,36.860551,Kenya,2026-04-24 16:17:01
bs0035,Amber,Red,2026-04-24 16:19:01,STATE_CHANGE,-1.3064295,36.8882947,Kenya,2026-04-24 16:19:01
bs0025,Amber,Green,2026-04-24 16:20:01,STATE_CHANGE,-1.217798261,36.89793289,Kenya,2026-04-24 16:20:01
bs0041,Amber,Red,2026-04-24 16:20:01,STATE_CHANGE,-1.277534452,36.79393909,Kenya,2026-04-24 16:20:01
bs0017,Red,Green,2026-04-24 16:20:01,STATE_CHANGE,-1.2667375,36.8456719,Kenya,2026-04-24 16:20:01
bs0017,Amber,Red,2026-04-24 16:22:01,STATE_CHANGE,-1.2667375,36.8456719,Kenya,2026-04-24 16:22:01
bs0064,Amber,Red,2026-04-24 16:23:01,STATE_CHANGE,-1.1674531,36.9638317,Kenya,2026-04-24 16:23:01
bs0025,Green,Amber,2026-04-24 16:24:01,STATE_CHANGE,-1.217798261,36.89793289,Kenya,2026-04-24 16:24:01
bs0053,Green,Amber,2026-04-24 16:25:01,STATE_CHANGE,-1.3006111,36.8250278,Kenya,2026-04-24 16:25:01
bs0023,Red,Green,2026-04-24 16:25:01,STATE_CHANGE,-1.215112301,36.89190192,Kenya,2026-04-24 16:25:01
bs0053,Amber,Green,2026-04-24 16:26:01,STATE_CHANGE,-1.3006111,36.8250278,Kenya,2026-04-24 16:26:01
bs0008,Amber,Red,2026-04-24 16:27:01,STATE_CHANGE,-1.264197845,36.80534064,Kenya,2026-04-24 16:27:01
bs0033,Green,Amber,2026-04-24 16:28:01,STATE_CHANGE,-1.2983013,36.7832031,Kenya,2026-04-24 16:28:01
bs0003,Amber,Green,2026-04-24 16:28:01,STATE_CHANGE,0.01330470798,37.07792968,Kenya,2026-04-24 16:28:01
bs0006,Red,Green,2026-04-24 16:29:01,STATE_CHANGE,-0.4202788249,36.95064471,Kenya,2026-04-24 16:29:01
bs0041,Green,Amber,2026-04-24 16:30:01,STATE_CHANGE,-1.277534452,36.79393909,Kenya,2026-04-24 16:30:01
bs0035,Green,Amber,2026-04-24 16:31:01,STATE_CHANGE,-1.3064295,36.8882947,Kenya,2026-04-24 16:31:01
bs0031,Amber,Red,2026-04-24 16:32:01,STATE_CHANGE,-1.293759326,36.85065024,Kenya,2026-04-24 16:32:01
bs0023,Amber,Red,2026-04-24 16:32:01,STATE_CHANGE,-1.215112301,36.89190192,Kenya,2026-04-24 16:32:01
bs0064,Green,Amber,2026-04-24 16:33:01,STATE_CHANGE,-1.1674531,36.9638317,Kenya,2026-04-24 16:33:01
bs0064,Red,Green,2026-04-24 16:34:01,STATE_CHANGE,-1.1674531,36.9638317,Kenya,2026-04-24 16:34:01
bs0053,Green,Amber,2026-04-24 16:34:01,STATE_CHANGE,-1.3006111,36.8250278,Kenya,2026-04-24 16:34:01
bs0017,Green,Amber,2026-04-24 16:34:01,STATE_CHANGE,-1.2667375,36.8456719,Kenya,2026-04-24 16:34:01
bs0030,Red,Green,2026-04-24 16:35:01,STATE_CHANGE,-1.32456511,36.79599158,Kenya,2026-04-24 16:35:01
bs0008,Green,Amber,2026-04-24 16:37:01,STATE_CHANGE,-1.264197845,36.80534064,Kenya,2026-04-24 16:37:01
bs0065,Amber,Red,2026-04-24 16:39:01,STATE_CHANGE,-1.341161382,36.75036256,Kenya,2026-04-24 16:39:01
bs0008,Red,Green,2026-04-24 16:39:01,STATE_CHANGE,-1.264197845,36.80534064,Kenya,2026-04-24 16:39:01
bs0003,Green,Amber,2026-04-24 16:39:01,STATE_CHANGE,0.01330470798,37.07792968,Kenya,2026-04-24 16:39:01
bs0031,Green,Amber,2026-04-24 16:42:01,STATE_CHANGE,-1.293759326,36.85065024,Kenya,2026-04-24 16:42:01
bs0025,Red,Green,2026-04-24 16:43:01,STATE_CHANGE,-1.217798261,36.89793289,Kenya,2026-04-24 16:43:01
bs0006,Amber,Red,2026-04-24 16:43:01,STATE_CHANGE,-0.4202788249,36.95064471,Kenya,2026-04-24 16:43:01
bs0030,Amber,Red,2026-04-24 16:44:01,STATE_CHANGE,-1.32456511,36.79599158,Kenya,2026-04-24 16:44:01
bs0023,Green,Amber,2026-04-24 16:44:01,STATE_CHANGE,-1.215112301,36.89190192,Kenya,2026-04-24 16:44:01
bs0065,Green,Amber,2026-04-24 16:48:01,STATE_CHANGE,-1.341161382,36.75036256,Kenya,2026-04-24 16:48:01
bs0008,Amber,Red,2026-04-24 16:48:01,STATE_CHANGE,-1.264197845,36.80534064,Kenya,2026-04-24 16:48:01
bs0021,Red,Green,2026-04-24 16:49:01,STATE_CHANGE,-1.2895575,36.7693693,Kenya,2026-04-24 16:49:01
bs0064,Amber,Red,2026-04-24 16:51:01,STATE_CHANGE,-1.1674531,36.9638317,Kenya,2026-04-24 16:51:01
bs0024,Red,Green,2026-04-24 16:51:01,STATE_CHANGE,-1.2980556,36.8183333,Kenya,2026-04-24 16:51:01
bs0021,Amber,Red,2026-04-24 16:53:01,STATE_CHANGE,-1.2895575,36.7693693,Kenya,2026-04-24 16:53:01
bs0006,Green,Amber,2026-04-24 16:54:01,STATE_CHANGE,-0.4202788249,36.95064471,Kenya,2026-04-24 16:54:01
bs0030,Green,Amber,2026-04-24 16:55:01,STATE_CHANGE,-1.32456511,36.79599158,Kenya,2026-04-24 16:55:01
bs0053,Amber,Green,2026-04-24 16:55:01,STATE_CHANGE,-1.3006111,36.8250278,Kenya,2026-04-24 16:55:01
bs0064,Green,Amber,2026-04-24 16:56:01,STATE_CHANGE,-1.1674531,36.9638317,Kenya,2026-04-24 16:56:01
bs0064,Red,Green,2026-04-24 16:57:02,STATE_CHANGE,-1.1674531,36.9638317,Kenya,2026-04-24 16:57:02
bs0064,Amber,Red,2026-04-24 16:58:01,STATE_CHANGE,-1.1674531,36.9638317,Kenya,2026-04-24 16:58:01
bs0053,Green,Amber,2026-04-24 16:58:01,STATE_CHANGE,-1.3006111,36.8250278,Kenya,2026-04-24 16:58:01
bs0008,Green,Amber,2026-04-24 17:00:02,STATE_CHANGE,-1.264197845,36.80534064,Kenya,2026-04-24 17:00:02
bs0008,Amber,Green,2026-04-24 17:02:01,STATE_CHANGE,-1.264197845,36.80534064,Kenya,2026-04-24 17:02:01
bs0023,Red,Green,2026-04-24 17:02:01,STATE_CHANGE,-1.215112301,36.89190192,Kenya,2026-04-24 17:02:01
bs0021,Green,Amber,2026-04-24 17:03:01,STATE_CHANGE,-1.2895575,36.7693693,Kenya,2026-04-24 17:03:01
bs0025,Amber,Red,2026-04-24 17:05:01,STATE_CHANGE,-1.217798261,36.89793289,Kenya,2026-04-24 17:05:01
bs0030,Red,Green,2026-04-24 17:06:01,STATE_CHANGE,-1.32456511,36.79599158,Kenya,2026-04-24 17:06:01
bs0024,Grey,Red,2026-04-24 17:08:01,STATE_CHANGE,-1.2980556,36.8183333,Kenya,2026-04-24 17:08:01
bs0064,Green,Amber,2026-04-24 17:09:01,STATE_CHANGE,-1.1674531,36.9638317,Kenya,2026-04-24 17:09:01
bs0008,Green,Amber,2026-04-24 17:12:01,STATE_CHANGE,-1.264197845,36.80534064,Kenya,2026-04-24 17:12:01
bs0023,Amber,Red,2026-04-24 17:14:02,STATE_CHANGE,-1.215112301,36.89190192,Kenya,2026-04-24 17:14:02
bs0025,Green,Amber,2026-04-24 17:17:01,STATE_CHANGE,-1.217798261,36.89793289,Kenya,2026-04-24 17:17:01
bs0024,Green,Grey,2026-04-24 17:17:01,STATE_CHANGE,-1.2980556,36.8183333,Kenya,2026-04-24 17:17:01
bs0030,Amber,Red,2026-04-24 17:18:01,STATE_CHANGE,-1.32456511,36.79599158,Kenya,2026-04-24 17:18:01
bs0005,Amber,Green,2026-04-24 17:18:01,STATE_CHANGE,0.01487218269,37.07605716,Kenya,2026-04-24 17:18:01
bs0043,Red,Green,2026-04-24 17:21:01,STATE_CHANGE,-1.24311724,36.88041377,Kenya,2026-04-24 17:21:01
bs0021,Amber,Green,2026-04-24 17:22:01,STATE_CHANGE,-1.2895575,36.7693693,Kenya,2026-04-24 17:22:01
bs0043,Amber,Red,2026-04-24 17:23:01,STATE_CHANGE,-1.24311724,36.88041377,Kenya,2026-04-24 17:23:01
bs0054,Red,Green,2026-04-24 17:24:01,STATE_CHANGE,-1.400266,36.9439122,Kenya,2026-04-24 17:24:01
bs0021,Green,Amber,2026-04-24 17:25:01,STATE_CHANGE,-1.2895575,36.7693693,Kenya,2026-04-24 17:25:01
bs0023,Green,Amber,2026-04-24 17:26:01,STATE_CHANGE,-1.215112301,36.89190192,Kenya,2026-04-24 17:26:01
bs0007,Red,Green,2026-04-24 17:27:01,STATE_CHANGE,-1.293519818,36.76162793,Kenya,2026-04-24 17:27:01
bs0030,Green,Amber,2026-04-24 17:28:01,STATE_CHANGE,-1.32456511,36.79599158,Kenya,2026-04-24 17:28:01
bs0025,Red,Green,2026-04-24 17:28:01,STATE_CHANGE,-1.217798261,36.89793289,Kenya,2026-04-24 17:28:01
bs0005,Green,Amber,2026-04-24 17:29:01,STATE_CHANGE,0.01487218269,37.07605716,Kenya,2026-04-24 17:29:01
bs0034,Red,Green,2026-04-24 17:30:01,STATE_CHANGE,-0.4306375,36.9514531,Kenya,2026-04-24 17:30:01
bs0036,Red,Green,2026-04-24 17:33:01,STATE_CHANGE,-1.3965625,36.7434375,Kenya,2026-04-24 17:33:01
bs0035,Red,Green,2026-04-24 17:36:01,STATE_CHANGE,-1.3064295,36.8882947,Kenya,2026-04-24 17:36:01
bs0043,Green,Amber,2026-04-24 17:38:01,STATE_CHANGE,-1.24311724,36.88041377,Kenya,2026-04-24 17:38:01
bs0054,Amber,Red,2026-04-24 17:40:02,STATE_CHANGE,-1.400266,36.9439122,Kenya,2026-04-24 17:40:02
bs0035,Amber,Red,2026-04-24 17:41:01,STATE_CHANGE,-1.3064295,36.8882947,Kenya,2026-04-24 17:41:01
bs0023,Red,Green,2026-04-24 17:46:01,STATE_CHANGE,-1.215112301,36.89190192,Kenya,2026-04-24 17:46:01
bs0054,Green,Amber,2026-04-24 17:47:01,STATE_CHANGE,-1.400266,36.9439122,Kenya,2026-04-24 17:47:01
bs0040,Amber,Green,2026-04-24 17:48:01,STATE_CHANGE,-1.2659315,36.798076,Kenya,2026-04-24 17:48:01
bs0010,Red,Green,2026-04-24 17:49:01,STATE_CHANGE,-1.040930573,37.07211436,Kenya,2026-04-24 17:49:01
bs0023,Amber,Red,2026-04-24 17:49:01,STATE_CHANGE,-1.215112301,36.89190192,Kenya,2026-04-24 17:49:01
bs0040,Green,Amber,2026-04-24 17:50:02,STATE_CHANGE,-1.2659315,36.798076,Kenya,2026-04-24 17:50:02
bs0009,Green,Grey,2026-04-24 17:55:01,STATE_CHANGE,-1.16363732,36.95419159,Kenya,2026-04-24 17:55:01
bs0035,Green,Amber,2026-04-24 17:56:01,STATE_CHANGE,-1.3064295,36.8882947,Kenya,2026-04-24 17:56:01
bs0010,Amber,Red,2026-04-24 17:56:01,STATE_CHANGE,-1.040930573,37.07211436,Kenya,2026-04-24 17:56:01
bs0036,Amber,Red,2026-04-24 17:57:01,STATE_CHANGE,-1.3965625,36.7434375,Kenya,2026-04-24 17:57:01
bs0023,Green,Amber,2026-04-24 17:57:01,STATE_CHANGE,-1.215112301,36.89190192,Kenya,2026-04-24 17:57:01
bs0009,Amber,Green,2026-04-24 17:58:01,STATE_CHANGE,-1.16363732,36.95419159,Kenya,2026-04-24 17:58:01
bs0035,Red,Green,2026-04-24 17:59:01,STATE_CHANGE,-1.3064295,36.8882947,Kenya,2026-04-24 17:59:01
bs0025,Amber,Red,2026-04-24 18:02:01,STATE_CHANGE,-1.217798261,36.89793289,Kenya,2026-04-24 18:02:01
bs0010,Green,Amber,2026-04-24 18:03:01,STATE_CHANGE,-1.040930573,37.07211436,Kenya,2026-04-24 18:03:01
bs0033,Amber,Green,2026-04-24 18:04:01,STATE_CHANGE,-1.2983013,36.7832031,Kenya,2026-04-24 18:04:01
bs0009,Green,Amber,2026-04-24 18:04:01,STATE_CHANGE,-1.16363732,36.95419159,Kenya,2026-04-24 18:04:01
bs0034,Amber,Red,2026-04-24 18:07:01,STATE_CHANGE,-0.4306375,36.9514531,Kenya,2026-04-24 18:07:01
bs0033,Green,Amber,2026-04-24 18:08:01,STATE_CHANGE,-1.2983013,36.7832031,Kenya,2026-04-24 18:08:01
bs0007,Amber,Red,2026-04-24 18:09:01,STATE_CHANGE,-1.293519818,36.76162793,Kenya,2026-04-24 18:09:01
bs0043,Red,Green,2026-04-24 18:09:01,STATE_CHANGE,-1.24311724,36.88041377,Kenya,2026-04-24 18:09:01
bs0025,Green,Amber,2026-04-24 18:10:01,STATE_CHANGE,-1.217798261,36.89793289,Kenya,2026-04-24 18:10:01
bs0005,Amber,Green,2026-04-24 18:10:01,STATE_CHANGE,0.01487218269,37.07605716,Kenya,2026-04-24 18:10:01
bs0056,Red,Green,2026-04-24 18:11:01,STATE_CHANGE,-1.279522262,36.73619002,Kenya,2026-04-24 18:11:01
bs0019,Amber,Green,2026-04-24 18:11:01,STATE_CHANGE,-1.322193397,36.84449711,Kenya,2026-04-24 18:11:01
bs0036,Green,Amber,2026-04-24 18:12:01,STATE_CHANGE,-1.3965625,36.7434375,Kenya,2026-04-24 18:12:01
bs0005,Green,Amber,2026-04-24 18:12:01,STATE_CHANGE,0.01487218269,37.07605716,Kenya,2026-04-24 18:12:01
bs0023,Amber,Green,2026-04-24 18:14:01,STATE_CHANGE,-1.215112301,36.89190192,Kenya,2026-04-24 18:14:01
bs0009,Red,Green,2026-04-24 18:16:01,STATE_CHANGE,-1.16363732,36.95419159,Kenya,2026-04-24 18:16:01
bs0035,Amber,Red,2026-04-24 18:17:02,STATE_CHANGE,-1.3064295,36.8882947,Kenya,2026-04-24 18:17:02
bs0034,Green,Amber,2026-04-24 18:17:02,STATE_CHANGE,-0.4306375,36.9514531,Kenya,2026-04-24 18:17:02
bs0025,Red,Green,2026-04-24 18:17:02,STATE_CHANGE,-1.217798261,36.89793289,Kenya,2026-04-24 18:17:02
bs0007,Green,Amber,2026-04-24 18:17:02,STATE_CHANGE,-1.293519818,36.76162793,Kenya,2026-04-24 18:17:02
bs0025,Amber,Red,2026-04-24 18:18:01,STATE_CHANGE,-1.217798261,36.89793289,Kenya,2026-04-24 18:18:01
bs0023,Green,Amber,2026-04-24 18:20:02,STATE_CHANGE,-1.215112301,36.89190192,Kenya,2026-04-24 18:20:02
bs0019,Green,Amber,2026-04-24 18:22:01,STATE_CHANGE,-1.322193397,36.84449711,Kenya,2026-04-24 18:22:01
bs0023,Amber,Green,2026-04-24 18:22:01,STATE_CHANGE,-1.215112301,36.89190192,Kenya,2026-04-24 18:22:01
bs0044,Amber,Green,2026-04-24 18:27:01,STATE_CHANGE,-1.2120625,36.8720625,Kenya,2026-04-24 18:27:01
bs0035,Green,Amber,2026-04-24 18:29:01,STATE_CHANGE,-1.3064295,36.8882947,Kenya,2026-04-24 18:29:01
bs0034,Amber,Green,2026-04-24 18:29:01,STATE_CHANGE,-0.4306375,36.9514531,Kenya,2026-04-24 18:29:01
bs0019,Red,Green,2026-04-24 18:29:01,STATE_CHANGE,-1.322193397,36.84449711,Kenya,2026-04-24 18:29:01
bs0025,Green,Amber,2026-04-24 18:31:01,STATE_CHANGE,-1.217798261,36.89793289,Kenya,2026-04-24 18:31:01
bs0044,Green,Amber,2026-04-24 18:32:01,STATE_CHANGE,-1.2120625,36.8720625,Kenya,2026-04-24 18:32:01
bs0023,Green,Amber,2026-04-24 18:33:02,STATE_CHANGE,-1.215112301,36.89190192,Kenya,2026-04-24 18:33:02
bs0035,Red,Green,2026-04-24 18:34:01,STATE_CHANGE,-1.3064295,36.8882947,Kenya,2026-04-24 18:34:01
bs0044,Red,Green,2026-04-24 18:34:01,STATE_CHANGE,-1.2120625,36.8720625,Kenya,2026-04-24 18:34:01
bs0043,Amber,Red,2026-04-24 18:36:01,STATE_CHANGE,-1.24311724,36.88041377,Kenya,2026-04-24 18:36:01
bs0036,Grey,Green,2026-04-24 18:38:01,STATE_CHANGE,-1.3965625,36.7434375,Kenya,2026-04-24 18:38:01
bs0034,Green,Amber,2026-04-24 18:39:01,STATE_CHANGE,-0.4306375,36.9514531,Kenya,2026-04-24 18:39:01
bs0009,Amber,Red,2026-04-24 18:40:01,STATE_CHANGE,-1.16363732,36.95419159,Kenya,2026-04-24 18:40:01
bs0056,Amber,Red,2026-04-24 18:43:01,STATE_CHANGE,-1.279522262,36.73619002,Kenya,2026-04-24 18:43:01
bs0033,Amber,Green,2026-04-24 18:44:01,STATE_CHANGE,-1.2983013,36.7832031,Kenya,2026-04-24 18:44:01
bs0019,Amber,Red,2026-04-24 18:48:01,STATE_CHANGE,-1.322193397,36.84449711,Kenya,2026-04-24 18:48:01
bs0033,Green,Amber,2026-04-24 18:49:01,STATE_CHANGE,-1.2983013,36.7832031,Kenya,2026-04-24 18:49:01
